-- phpMyAdmin SQL Dump
-- version 5.2.1
-- https://www.phpmyadmin.net/
--
-- Хост: MySQL-8.2
-- Время создания: Фев 26 2025 г., 22:36
-- Версия сервера: 8.2.0
-- Версия PHP: 8.2.18

SET SQL_MODE = "NO_AUTO_VALUE_ON_ZERO";
START TRANSACTION;
SET time_zone = "+00:00";


/*!40101 SET @OLD_CHARACTER_SET_CLIENT=@@CHARACTER_SET_CLIENT */;
/*!40101 SET @OLD_CHARACTER_SET_RESULTS=@@CHARACTER_SET_RESULTS */;
/*!40101 SET @OLD_COLLATION_CONNECTION=@@COLLATION_CONNECTION */;
/*!40101 SET NAMES utf8mb4 */;

--
-- База данных: `forum1`
--

-- --------------------------------------------------------

--
-- Структура таблицы `comments`
--

CREATE TABLE `comments` (
  `id` int NOT NULL,
  `post_id` int NOT NULL,
  `user_id` int NOT NULL,
  `text` varchar(300) COLLATE utf8mb3_persian_ci NOT NULL,
  `date` date NOT NULL,
  `parent_id` int DEFAULT NULL
) ENGINE=InnoDB DEFAULT CHARSET=utf8mb3 COLLATE=utf8mb3_persian_ci;

--
-- Дамп данных таблицы `comments`
--

INSERT INTO `comments` (`id`, `post_id`, `user_id`, `text`, `date`, `parent_id`) VALUES
(1, 19, 5, 'спасибо за информацию', '2025-02-26', NULL),
(2, 17, 5, 'очень полезно', '2025-02-26', NULL),
(3, 16, 5, 'познавательно', '2025-02-26', NULL),
(4, 11, 5, 'время задуматься над этим, спасибо за актуальную информацию\r\n', '2025-02-26', NULL),
(5, 12, 6, 'не особо люблю игры', '2025-02-26', NULL),
(6, 1, 3, 'класс\r\n', '2025-02-26', NULL),
(7, 9, 3, 'продолжай изучать эту тему\r\n', '2025-02-26', NULL),
(8, 17, 3, 'класс\r\n', '2025-02-26', NULL),
(9, 17, 3, 'расскажи больше', '2025-02-26', NULL),
(10, 6, 2, 'спасибо за пост', '2025-02-26', NULL),
(11, 9, 2, 'ты драматизируешь', '2025-02-26', 7),
(12, 9, 2, 'спасибо за пост', '2025-02-26', NULL),
(13, 12, 2, 'я тоже', '2025-02-26', 5),
(14, 12, 2, 'без обид автор', '2025-02-26', 13),
(15, 12, 3, 'и я', '2025-02-26', 13);

-- --------------------------------------------------------

--
-- Структура таблицы `likes`
--

CREATE TABLE `likes` (
  `post_id` int NOT NULL,
  `user_id` int NOT NULL,
  `id` int NOT NULL
) ENGINE=InnoDB DEFAULT CHARSET=utf8mb3 COLLATE=utf8mb3_persian_ci;

--
-- Дамп данных таблицы `likes`
--

INSERT INTO `likes` (`post_id`, `user_id`, `id`) VALUES
(12, 5, 1),
(13, 5, 2),
(14, 5, 3),
(15, 5, 4),
(1, 5, 5),
(2, 5, 6),
(3, 5, 7),
(6, 5, 8),
(8, 5, 9),
(9, 5, 10),
(11, 5, 11),
(16, 5, 12),
(18, 5, 13),
(17, 5, 14),
(20, 5, 15),
(19, 5, 16),
(4, 5, 17),
(5, 5, 18),
(1, 6, 19),
(3, 6, 20),
(5, 6, 21),
(6, 6, 22),
(9, 6, 23),
(11, 6, 24),
(12, 6, 25),
(14, 6, 26),
(13, 6, 27),
(15, 6, 28),
(17, 6, 29),
(18, 6, 30),
(16, 6, 31),
(19, 6, 32),
(20, 6, 33),
(3, 3, 34),
(1, 3, 36),
(5, 3, 37),
(6, 3, 38),
(7, 3, 39),
(8, 3, 40),
(9, 3, 41),
(10, 3, 42),
(12, 3, 43),
(4, 3, 44),
(11, 3, 45),
(13, 3, 46),
(15, 3, 47),
(18, 3, 48),
(17, 3, 49),
(16, 3, 50),
(3, 2, 51),
(4, 2, 52);

-- --------------------------------------------------------

--
-- Структура таблицы `posts`
--

CREATE TABLE `posts` (
  `id` int NOT NULL,
  `title` varchar(100) COLLATE utf8mb3_persian_ci NOT NULL,
  `content` text COLLATE utf8mb3_persian_ci NOT NULL,
  `user_id` int NOT NULL,
  `views` int NOT NULL DEFAULT '0',
  `date` date NOT NULL
) ENGINE=InnoDB DEFAULT CHARSET=utf8mb3 COLLATE=utf8mb3_persian_ci;

--
-- Дамп данных таблицы `posts`
--

INSERT INTO `posts` (`id`, `title`, `content`, `user_id`, `views`, `date`) VALUES
(1, 'Рыбные и мясные консервы при сахарном диабете', 'Для контроля уровня глюкозы в крови при сахарном диабете 1 и 2 типов необходимо соблюдать диету. Правильный выбор продуктов влияет на обменные процессы в организме, работу поджелудочной железы и самочувствие. Рыбные и мясные консервы могут быть частью рациона диабетика, но следует внимательно отнестись к их выбору.<br />\r\n<br />\r\n<br />\r\n<br />\r\nРеклама<br />\r\nДетские смеси Nutrilon со скидкой до 20%<br />\r\nBio-активные компоненты, приближенные по свойствам к грудному молоку<br />\r\nБез пальмового масла<br />\r\nozon.ru<br />\r\nДиабет под контролем<br />\r\n10 тыс подписчиков<br />\r\nПодписаться<br />\r\nРыбные и мясные консервы при сахарном диабете<br />\r\n2 минуты<br />\r\n289 прочтений<br />\r\nСегодня<br />\r\nОглавление<br />\r\nКак консервированные продукты влияют на организм человека с сахарным диабетом?<br />\r\nРыбные и мясные консервы – какие можно?<br />\r\nКак правильно употреблять консервированные продукты?<br />\r\nДля контроля уровня глюкозы в крови при сахарном диабете 1 и 2 типов необходимо соблюдать диету. Правильный выбор продуктов влияет на обменные процессы в организме, работу поджелудочной железы и самочувствие. Рыбные и мясные консервы могут быть частью рациона диабетика, но следует внимательно отнестись к их выбору.<br />\r\n<br />\r\nКак консервированные продукты влияют на организм человека с сахарным диабетом?<br />\r\nМясо и рыба – источники белка, который крайне необходим для поддержания мышечного тонуса, работы иммунной и ферментативной систем. Но в составе консервов могут быть дополнительные ингредиенты, которые снижают их пищевую ценность:<br />\r\n<br />\r\nбольшое количество соли – способствует задержке жидкости в тканях, приводит к повышению показателей артериального давления, что опасно при сахарном диабете;<br />\r\nсахар, крахмал – избыток углеводов в пище приводит к увеличению уровня глюкозы в крови;<br />\r\nжиры – употребление мяса или рыбы с большим количеством масла может повысить уровень холестерина, чего нельзя допускать при диабете II типа.<br />\r\nТщательный контроль и правильный подход к рациону поможет диабетику нормализовать пищеварение, смягчить колебания уровня глюкозы в крови и дольше оставаться сытым.<br />\r\n<br />\r\nРыбные и мясные консервы – какие можно?<br />\r\nДиабетикам рекомендуется выбирать натуральные консервы без добавок:<br />\r\n<br />\r\nрыбные в собственном соку (тунец, горбуша, треска, лосось) – являются источниками полезных омега-3 жирных кислот, которые необходимы для работы мозга;<br />\r\nмясные без добавок (говядина, курица, индейка) – являются источником полезного и легкоусвояемого белка.<br />\r\nНе лучшим выбором для диабетиков будут рыбные консервы в масле или томатном соусе, а также мясные тушенки. Чаще всего они содержат много жира, сахара, соли, уксус. Употребление таких продуктов может вызвать скачки сахара в крови и спровоцировать нарушения работы пищеварительной системы.<br />\r\n<br />\r\nКак правильно употреблять консервированные продукты?<br />\r\nЧтобы рыбные и мясные консервы приносили пользу, нужно:<br />\r\n<br />\r\nознакомиться с составом – лучше выбирать продукцию с минимальным количеством дополнительных ингредиентов;<br />\r\nпридерживаться меры – включать консервы в меню без вреда для здоровья допускается не более 1-2 раз в неделю;<br />\r\nсочетать с овощными блюдами – это поможет снизить гликемическую нагрузку.<br />\r\nМясные и рыбные консервы при правильном выборе и умеренном употреблении могут стать частью полноценного рациона диабетика.<br />\r\n<br />\r\nИнформация, представленная в материале, не является медицинской консультацией и не может заменить визит к врачу.', 2, 48, '2025-02-26'),
(2, 'Еда - что это?', 'Еда: источник жизни или наслаждения?<br />\r\n<br />\r\n<br />\r\nЕда — это неотъемлемая часть нашей жизни. Она даёт нам энергию, необходимые витамины и минералы для поддержания здоровья и функционирования организма. Однако еда также может быть источником наслаждения и удовольствия. В этой статье мы рассмотрим, почему еда важна для нас и как она влияет на нашу жизнь.<br />\r\n<br />\r\n<br />\r\nЕда как источник энергии<br />\r\n<br />\r\n<br />\r\nЕда — это основной источник энергии для человека. Без пищи наш организм не сможет функционировать должным образом. Пища обеспечивает нас энергией, необходимой для выполнения повседневных задач, таких как работа, учёба, спорт и общение.<br />\r\n<br />\r\n<br />\r\nЕда как источник витаминов и минералов<br />\r\n<br />\r\n<br />\r\nКроме того, еда является источником витаминов и минералов, которые необходимы для поддержания здоровья нашего организма. Витамины участвуют в обмене веществ, росте и развитии клеток, а минералы обеспечивают нормальное функционирование всех органов и систем.<br />\r\n<br />\r\n<br />\r\nЕда как источник наслаждения<br />\r\n<br />\r\n<br />\r\nЕда также может быть источником наслаждения и удовольствия. Многие люди любят готовить и есть вкусные блюда, получая от этого процесса удовольствие. Кроме того, еда может быть использована для общения с друзьями и близкими, когда мы собираемся за столом и наслаждаемся вкусной едой вместе.<br />\r\n<br />\r\n<br />\r\nВлияние еды на наше настроение<br />\r\n<br />\r\n<br />\r\nНекоторые продукты могут влиять на наше настроение. Например, шоколад содержит вещество под названием «триптофан», которое способствует выработке серотонина — гормона счастья. Таким образом, употребление шоколада может улучшить наше настроение и самочувствие.<br />\r\n<br />\r\n<br />\r\nЕда и культура<br />\r\n<br />\r\n<br />\r\nЕда также является неотъемлемой частью культуры разных народов. В каждой стране есть свои национальные блюда, которые отражают особенности местной кухни, истории и традиций. Изучение и приготовление новых блюд позволяет нам познакомиться с культурой других стран и расширить свой кругозор.<br />\r\n<br />\r\n<br />\r\nЗаключение<br />\r\n<br />\r\n<br />\r\nЕда играет важную роль в нашей жизни. Она даёт нам энергию, необходимые витамины и минералы, а также служит источником наслаждения и удовольствия. Кроме того, еда является неотъемлемой частью культуры разных народов и помогает нам лучше понять окружающий мир.', 2, 19, '2025-02-26'),
(3, 'Еда и Здоровье: Неразрывная Связь и Практические Советы', 'Еда — это не просто топливо для нашего организма, это строительный материал для клеток, источник энергии и регулятор всех жизненно важных процессов. Связь между тем, что мы едим, и нашим здоровьем настолько тесна, что игнорировать её последствия невозможно. Правильное питание — залог крепкого иммунитета, высокой работоспособности и долгой активной жизни. Неправильное питание, напротив, прямой путь к хроническим заболеваниям, усталости и преждевременному старению.<br />\r\n<br />\r\nФундамент Здоровья: Макро- и Микронутриенты<br />\r\n<br />\r\nДля оптимального функционирования организма необходимо сбалансированное потребление макро- и микронутриентов. Макронутриенты, такие как белки, жиры и углеводы, обеспечивают организм энергией и строительными блоками для клеток. Микронутриенты, включая витамины и минералы, играют ключевую роль в регуляции биохимических процессов.<br />\r\n<br />\r\nБелки: необходимы для строительства и восстановления тканей, производства ферментов и гормонов. Пример: употребление нежирного мяса, рыбы, бобовых и яиц помогает поддерживать мышечную массу и обеспечивает организм необходимыми аминокислотами.<br />\r\nЖиры: участвуют в гормональной регуляции, обеспечивают усвоение жирорастворимых витаминов и являются источником энергии. Важно выбирать полезные жиры, такие как ненасыщенные жиры, содержащиеся в авокадо, орехах, оливковом масле и жирной рыбе. Пример: замена жареной пищи на приготовленную на гриле или запеченную с использованием оливкового масла способствует снижению потребления вредных насыщенных жиров.<br />\r\nУглеводы: основной источник энергии для организма. Лучше отдавать предпочтение сложным углеводам, содержащимся в цельнозерновых продуктах, овощах и фруктах, которые обеспечивают длительное чувство сытости и поддерживают стабильный уровень сахара в крови. Пример: замена белого хлеба цельнозерновым или добавление порции овощей к каждому приему пищи позволяет получить больше клетчатки и избежать резких скачков уровня сахара в крови.<br />\r\nВитамины и минералы: необходимы для нормального функционирования всех систем организма. Пример: употребление разнообразных фруктов и овощей разных цветов помогает обеспечить организм широким спектром витаминов и минералов. Дефицит витамина D, особенно распространенный в зимнее время, можно компенсировать употреблением жирной рыбы или приемом витаминных добавок (по рекомендации врача).<br />\r\nВлияние Еды на Различные Аспекты Здоровья<br />\r\n<br />\r\nВлияние питания на здоровье огромно и многогранно. Вот лишь несколько примеров:<br />\r\n<br />\r\nСердечно-сосудистая система: высокое потребление насыщенных жиров, трансжиров и соли увеличивает риск развития сердечно-сосудистых заболеваний, таких как атеросклероз, гипертония и инфаркт. Пример: замена красного мяса рыбой два раза в неделю, ограничение потребления соли и добавление в рацион большего количества овощей значительно снижают риск сердечно-сосудистых заболеваний.<br />\r\nПищеварительная система: недостаток клетчатки в рационе может привести к запорам, синдрому раздражённого кишечника и другим проблемам с пищеварением. Пример: употребление большого количества овощей, фруктов, цельнозерновых продуктов и бобовых способствует нормализации работы кишечника и улучшает общее состояние пищеварительной системы.<br />\r\nИммунная система: недостаток витаминов и минералов, особенно витамина C, витамина D и цинка, ослабляет иммунную систему и делает организм более восприимчивым к инфекциям. Пример: употребление цитрусовых, ягод, зелени и кисломолочных продуктов способствует укреплению иммунитета и снижает вероятность простудных заболеваний.<br />\r\nПсихическое здоровье: связь между питанием и психическим здоровьем становится все более очевидной. Недостаток определенных питательных веществ, таких как жирные кислоты омега-3 и витамины группы B, может негативно влиять на настроение и когнитивные функции. Пример: употребление жирной рыбы, орехов, семян и зелени может помочь улучшить настроение, снизить тревожность и повысить концентрацию внимания.<br />\r\nПрактические Советы для Здорового Питания<br />\r\n<br />\r\nПереход на здоровое питание не требует радикальных изменений в образе жизни. Небольшие, но последовательные шаги могут привести к значительным результатам.<br />\r\n<br />\r\nРазнообразьте свой рацион: употребляйте продукты из всех пищевых групп.<br />\r\nОграничьте потребление обработанных продуктов: избегайте продуктов с высоким содержанием сахара, соли и насыщенных жиров.<br />\r\nГотовьте еду дома: Это позволяет контролировать ингредиенты и порции.<br />\r\nЧитайте этикетки: Обращайте внимание на состав и калорийность продуктов.<br />\r\nПейте достаточно воды: вода необходима для нормального функционирования всех органов и систем.<br />\r\nСлушайте свой организм: ешьте, когда вы голодны, и останавливайтесь, когда насытитесь.<br />\r\nНе бойтесь обращаться к специалистам: диетолог или нутрициолог может помочь вам разработать индивидуальный план питания, учитывающий ваши потребности и особенности здоровья.<br />\r\nЗаключение<br />\r\n<br />\r\nЕда — это мощный инструмент в руках каждого человека. Осознанный подход к питанию, основанный на знаниях о потребностях организма и принципах сбалансированного рациона, позволяет укрепить здоровье, улучшить самочувствие и продлить активную жизнь. Инвестиции в здоровое питание — это инвестиции в ваше будущее. Помните, что даже небольшие изменения в рационе могут оказать значительное влияние на ваше здоровье. Начните сегодня, и вы почувствуете разницу!', 2, 17, '2025-02-26'),
(4, 'Еда и Здоровье', 'Еда — это не просто топливо для нашего организма, это строительный материал для клеток, источник энергии и регулятор всех жизненно важных процессов. Связь между тем, что мы едим, и нашим здоровьем настолько тесна, что игнорировать её последствия невозможно. Правильное питание — залог крепкого иммунитета, высокой работоспособности и долгой активной жизни. Неправильное питание, напротив, прямой путь к хроническим заболеваниям, усталости и преждевременному старению.<br />\r\n<br />\r\nФундамент Здоровья: Макро- и Микронутриенты<br />\r\n<br />\r\nДля оптимального функционирования организма необходимо сбалансированное потребление макро- и микронутриентов. Макронутриенты, такие как белки, жиры и углеводы, обеспечивают организм энергией и строительными блоками для клеток. Микронутриенты, включая витамины и минералы, играют ключевую роль в регуляции биохимических процессов.<br />\r\n<br />\r\nБелки: необходимы для строительства и восстановления тканей, производства ферментов и гормонов. Пример: употребление нежирного мяса, рыбы, бобовых и яиц помогает поддерживать мышечную массу и обеспечивает организм необходимыми аминокислотами.<br />\r\nЖиры: участвуют в гормональной регуляции, обеспечивают усвоение жирорастворимых витаминов и являются источником энергии. Важно выбирать полезные жиры, такие как ненасыщенные жиры, содержащиеся в авокадо, орехах, оливковом масле и жирной рыбе. Пример: замена жареной пищи на приготовленную на гриле или запеченную с использованием оливкового масла способствует снижению потребления вредных насыщенных жиров.<br />\r\nУглеводы: основной источник энергии для организма. Лучше отдавать предпочтение сложным углеводам, содержащимся в цельнозерновых продуктах, овощах и фруктах, которые обеспечивают длительное чувство сытости и поддерживают стабильный уровень сахара в крови. Пример: замена белого хлеба цельнозерновым или добавление порции овощей к каждому приему пищи позволяет получить больше клетчатки и избежать резких скачков уровня сахара в крови.<br />\r\nВитамины и минералы: необходимы для нормального функционирования всех систем организма. Пример: употребление разнообразных фруктов и овощей разных цветов помогает обеспечить организм широким спектром витаминов и минералов. Дефицит витамина D, особенно распространенный в зимнее время, можно компенсировать употреблением жирной рыбы или приемом витаминных добавок (по рекомендации врача).<br />\r\nВлияние Еды на Различные Аспекты Здоровья<br />\r\n<br />\r\nВлияние питания на здоровье огромно и многогранно. Вот лишь несколько примеров:<br />\r\n<br />\r\nСердечно-сосудистая система: высокое потребление насыщенных жиров, трансжиров и соли увеличивает риск развития сердечно-сосудистых заболеваний, таких как атеросклероз, гипертония и инфаркт. Пример: замена красного мяса рыбой два раза в неделю, ограничение потребления соли и добавление в рацион большего количества овощей значительно снижают риск сердечно-сосудистых заболеваний.<br />\r\nПищеварительная система: недостаток клетчатки в рационе может привести к запорам, синдрому раздражённого кишечника и другим проблемам с пищеварением. Пример: употребление большого количества овощей, фруктов, цельнозерновых продуктов и бобовых способствует нормализации работы кишечника и улучшает общее состояние пищеварительной системы.<br />\r\nИммунная система: недостаток витаминов и минералов, особенно витамина C, витамина D и цинка, ослабляет иммунную систему и делает организм более восприимчивым к инфекциям. Пример: употребление цитрусовых, ягод, зелени и кисломолочных продуктов способствует укреплению иммунитета и снижает вероятность простудных заболеваний.<br />\r\nПсихическое здоровье: связь между питанием и психическим здоровьем становится все более очевидной. Недостаток определенных питательных веществ, таких как жирные кислоты омега-3 и витамины группы B, может негативно влиять на настроение и когнитивные функции. Пример: употребление жирной рыбы, орехов, семян и зелени может помочь улучшить настроение, снизить тревожность и повысить концентрацию внимания.<br />\r\nПрактические Советы для Здорового Питания<br />\r\n<br />\r\nПереход на здоровое питание не требует радикальных изменений в образе жизни. Небольшие, но последовательные шаги могут привести к значительным результатам.<br />\r\n<br />\r\nРазнообразьте свой рацион: употребляйте продукты из всех пищевых групп.<br />\r\nОграничьте потребление обработанных продуктов: избегайте продуктов с высоким содержанием сахара, соли и насыщенных жиров.<br />\r\nГотовьте еду дома: Это позволяет контролировать ингредиенты и порции.<br />\r\nЧитайте этикетки: Обращайте внимание на состав и калорийность продуктов.<br />\r\nПейте достаточно воды: вода необходима для нормального функционирования всех органов и систем.<br />\r\nСлушайте свой организм: ешьте, когда вы голодны, и останавливайтесь, когда насытитесь.<br />\r\nНе бойтесь обращаться к специалистам: диетолог или нутрициолог может помочь вам разработать индивидуальный план питания, учитывающий ваши потребности и особенности здоровья.<br />\r\nЗаключение<br />\r\n<br />\r\nЕда — это мощный инструмент в руках каждого человека. Осознанный подход к питанию, основанный на знаниях о потребностях организма и принципах сбалансированного рациона, позволяет укрепить здоровье, улучшить самочувствие и продлить активную жизнь. Инвестиции в здоровое питание — это инвестиции в ваше будущее. Помните, что даже небольшие изменения в рационе могут оказать значительное влияние на ваше здоровье. Начните сегодня, и вы почувствуете разницу!', 2, 16, '2025-02-26'),
(5, 'Еда и Здоровье', 'Еда — это не просто топливо для нашего организма, это строительный материал для клеток, источник энергии и регулятор всех жизненно важных процессов. Связь между тем, что мы едим, и нашим здоровьем настолько тесна, что игнорировать её последствия невозможно. Правильное питание — залог крепкого иммунитета, высокой работоспособности и долгой активной жизни. Неправильное питание, напротив, прямой путь к хроническим заболеваниям, усталости и преждевременному старению.<br />\r\n<br />\r\nФундамент Здоровья: Макро- и Микронутриенты<br />\r\n<br />\r\nДля оптимального функционирования организма необходимо сбалансированное потребление макро- и микронутриентов. Макронутриенты, такие как белки, жиры и углеводы, обеспечивают организм энергией и строительными блоками для клеток. Микронутриенты, включая витамины и минералы, играют ключевую роль в регуляции биохимических процессов.<br />\r\n<br />\r\nБелки: необходимы для строительства и восстановления тканей, производства ферментов и гормонов. Пример: употребление нежирного мяса, рыбы, бобовых и яиц помогает поддерживать мышечную массу и обеспечивает организм необходимыми аминокислотами.<br />\r\nЖиры: участвуют в гормональной регуляции, обеспечивают усвоение жирорастворимых витаминов и являются источником энергии. Важно выбирать полезные жиры, такие как ненасыщенные жиры, содержащиеся в авокадо, орехах, оливковом масле и жирной рыбе. Пример: замена жареной пищи на приготовленную на гриле или запеченную с использованием оливкового масла способствует снижению потребления вредных насыщенных жиров.<br />\r\nУглеводы: основной источник энергии для организма. Лучше отдавать предпочтение сложным углеводам, содержащимся в цельнозерновых продуктах, овощах и фруктах, которые обеспечивают длительное чувство сытости и поддерживают стабильный уровень сахара в крови. Пример: замена белого хлеба цельнозерновым или добавление порции овощей к каждому приему пищи позволяет получить больше клетчатки и избежать резких скачков уровня сахара в крови.<br />\r\nВитамины и минералы: необходимы для нормального функционирования всех систем организма. Пример: употребление разнообразных фруктов и овощей разных цветов помогает обеспечить организм широким спектром витаминов и минералов. Дефицит витамина D, особенно распространенный в зимнее время, можно компенсировать употреблением жирной рыбы или приемом витаминных добавок (по рекомендации врача).<br />\r\nВлияние Еды на Различные Аспекты Здоровья<br />\r\n<br />\r\nВлияние питания на здоровье огромно и многогранно. Вот лишь несколько примеров:<br />\r\n<br />\r\nСердечно-сосудистая система: высокое потребление насыщенных жиров, трансжиров и соли увеличивает риск развития сердечно-сосудистых заболеваний, таких как атеросклероз, гипертония и инфаркт. Пример: замена красного мяса рыбой два раза в неделю, ограничение потребления соли и добавление в рацион большего количества овощей значительно снижают риск сердечно-сосудистых заболеваний.<br />\r\nПищеварительная система: недостаток клетчатки в рационе может привести к запорам, синдрому раздражённого кишечника и другим проблемам с пищеварением. Пример: употребление большого количества овощей, фруктов, цельнозерновых продуктов и бобовых способствует нормализации работы кишечника и улучшает общее состояние пищеварительной системы.<br />\r\nИммунная система: недостаток витаминов и минералов, особенно витамина C, витамина D и цинка, ослабляет иммунную систему и делает организм более восприимчивым к инфекциям. Пример: употребление цитрусовых, ягод, зелени и кисломолочных продуктов способствует укреплению иммунитета и снижает вероятность простудных заболеваний.<br />\r\nПсихическое здоровье: связь между питанием и психическим здоровьем становится все более очевидной. Недостаток определенных питательных веществ, таких как жирные кислоты омега-3 и витамины группы B, может негативно влиять на настроение и когнитивные функции. Пример: употребление жирной рыбы, орехов, семян и зелени может помочь улучшить настроение, снизить тревожность и повысить концентрацию внимания.<br />\r\nПрактические Советы для Здорового Питания<br />\r\n<br />\r\nПереход на здоровое питание не требует радикальных изменений в образе жизни. Небольшие, но последовательные шаги могут привести к значительным результатам.<br />\r\n<br />\r\nРазнообразьте свой рацион: употребляйте продукты из всех пищевых групп.<br />\r\nОграничьте потребление обработанных продуктов: избегайте продуктов с высоким содержанием сахара, соли и насыщенных жиров.<br />\r\nГотовьте еду дома: Это позволяет контролировать ингредиенты и порции.<br />\r\nЧитайте этикетки: Обращайте внимание на состав и калорийность продуктов.<br />\r\nПейте достаточно воды: вода необходима для нормального функционирования всех органов и систем.<br />\r\nСлушайте свой организм: ешьте, когда вы голодны, и останавливайтесь, когда насытитесь.<br />\r\nНе бойтесь обращаться к специалистам: диетолог или нутрициолог может помочь вам разработать индивидуальный план питания, учитывающий ваши потребности и особенности здоровья.<br />\r\nЗаключение<br />\r\n<br />\r\nЕда — это мощный инструмент в руках каждого человека. Осознанный подход к питанию, основанный на знаниях о потребностях организма и принципах сбалансированного рациона, позволяет укрепить здоровье, улучшить самочувствие и продлить активную жизнь. Инвестиции в здоровое питание — это инвестиции в ваше будущее. Помните, что даже небольшие изменения в рационе могут оказать значительное влияние на ваше здоровье. Начните сегодня, и вы почувствуете разницу!', 2, 14, '2025-02-26'),
(6, 'Сталин: Герой советского народа?', 'Каждое время, каждая эпоха рождает своих героев и злодеев. В истории Советского Союза имя Иосифа Сталина занимает особое место: это фигура, окутанная мифами, противоречиями и глубокими противоречиями. Вопрос о том, был ли Сталин действительно героем советского народа или же его деяния стали причиной страданий миллионов, продолжает вызывать споры среди историков, социологов и граждан. Погрузимся в многослойную палитру его наследия, укрытую под тяжёлым покрывалом исторической памяти.<br />\r\n<br />\r\nЭпоха Сталина: От революции к тоталитаризму<br />\r\nСталин пришёл к власти на фоне бурных событий Октябрьской революции, когда народ искал новых героев. Начальная фаза его правления была ознаменована индустриализацией и коллективизацией, которые, несомненно, стимулировали экономический рост страны. Но этот прогресс был омрачён жуткими репрессиями, насилием над крестьянством и ненавистью к цвету нации.<br />\r\n<br />\r\nИндустриализация и её плоды<br />\r\nИндустриализация, начатая в 1928 году, принесла, безусловно, плоды. Советский Союз стал одной из ведущих мировых экономик. Но что скрывали эти столпы стали? Сотни тысяч жизней, разрушенные токи, сломанные судьбы. Неужели эта железная рука, сотворившая города, имела право разрывать семьи, вырывать из сердцевин живую душу нации?<br />\r\n<br />\r\n<br />\r\nСталин и Великая Отечественная война<br />\r\nБезусловно, кульминационный момент, когда Сталин предстает как &quot;герой&quot;, — это Великая Отечественная война. Его личное участие в стратегии и управление армией стали важными факторами победы над фашизмом. Народ сплотился вокруг него, осознавая, что под его руководством страна смогла противостоять угрозе, которая нависла над всем миром.Однако стоит задаться вопросом: какой ценой была достигнута эта победа? Миллионы погибших, гражданские потери, разрушенные города. Сталина называли &quot;отцом народа&quot;, но его методы управления, жестокость и жестокие репрессии к народу заставляют задуматься, действительно ли он был таковым.<br />\r\n<br />\r\nМифы о героизме: Пропаганда и реальность<br />\r\nОбраз Сталина формировался с помощью мощной пропаганды, делавшей его почти мифической фигурой. Плакаты, стихи, песни — всё это создавало идеализированное представление о вожде. Но реальная жизнь была далека от этих мифов. Человек, который когда-то возглавил революцию, стал символом страха и подавления.Пропаганда строила вокруг Сталина и его действий культурный миф, превращая его в хранилище безусловных ценностей. Узкая грань между истиной и вымыслом размывалась с каждым годом. Как много страха, удушая население, жившего в постоянной тревоге!<br />\r\n<br />\r\n', 3, 20, '2025-02-26'),
(7, 'История великих империй: от Римской империи до Османской.', '<br />\r\n<br />\r\nПо следам прошлого<br />\r\n177 подписчиков<br />\r\nПодписаться<br />\r\nИстория великих империй: от Римской империи до Османской.<br />\r\n22 минуты<br />\r\n62 прочтения<br />\r\n2 декабря 2023<br />\r\nИстория человечества — это хроника взлётов и падений великих империй, которые формировали не только политические карты, но и культурные, социальные и технологические ландшафты эпох, в которые они существовали. От древних времён до новейших исторических периодов, история великих империй повествует о том, как цивилизации достигали своего апогея, как они расширялись, влияли на окружающий мир и, в конечном итоге, как подходили к своему неизбежному закату.<br />\r\n<br />\r\nВзгляд на историю через призму империй позволяет понять ключевые моменты развития человечества. Каждая империя, будь то Римская, Византийская, Османская, Монгольская, или империи Мали, Китая и Индии, представляет собой уникальный вклад в мировую историю. Они раскрывают разнообразие путей развития государственности, экономики, военного искусства, науки, искусства и религии.<br />\r\n<br />\r\nРассматривая &quot;величие&quot; империи, стоит учитывать несколько аспектов. Во-первых, территориальное расширение и военная мощь. Многие империи достигли своего пика власти благодаря военным завоеваниям и способности поддерживать контроль над обширными территориями. Во-вторых, экономическое влияние. Великие империи часто демонстрировали экономическую устойчивость и способность к инновациям, что позволяло им поддерживать своё процветание. В-третьих, культурное и научное наследие. Многие империи оставили после себя значительное культурное наследие, включая архитектуру, литературу, искусство, науку и философию, которые продолжают влиять на современный мир.<br />\r\n<br />\r\nТакже не менее важным является понимание внутренних и внешних факторов, которые способствовали росту и падению этих великих империй. Внутренние проблемы, такие как политическая нестабильность, экономический упадок, социальные конфликты и эпидемии, часто сопровождались внешними угрозами в виде военных завоеваний и экономического давления со стороны соперников.<br />\r\n<br />\r\nВ следующих разделах мы подробно рассмотрим каждую из этих великих империй: их историю, культуру, достижения, а также причины их возвышения и падения. Мы начнём с Римской империи, которая оставила неизгладимый след в истории Западной цивилизации, и закончим Османской империей, последним великим имперским образованием, оказавшим глубокое влияние на историю и культуру Ближнего Востока, Юго-Восточной Европы и Северной Африки.<br />\r\n<br />\r\nРимская империя: Рассвет и Зенит<br />\r\n<br />\r\nРимская империя, возможно, является одним из наиболее изучаемых и восхищаемых государственных образований в истории. Она представляет собой эпоху, ознаменовавшуюся не только расширением территорий и военными победами, но и значительным культурным, юридическим и технологическим развитием.<br />\r\n<br />\r\nОснование и ранняя история Рима<br />\r\n<br />\r\nПо легенде, Рим был основан в 753 году до н.э. братьями Ромулом и Ремом. Исторические свидетельства указывают на то, что первоначально Рим был небольшим городом-государством, управляемым королями. Период правления королей закончился в 509 году до н.э., когда Рим стал республикой, управляемой сенатом и двумя консулами, избираемыми на один год. Этот период республики ознаменовался расширением власти Рима по всему Итальянскому полуострову, а затем и за его пределы.<br />\r\n<br />\r\nОт республики к империи<br />\r\n<br />\r\nПереход от Римской республики к империи был постепенным и сложным процессом, ознаменовавшимся политическими интригами, гражданскими войнами и реформами. Ключевым моментом стало упразднение республики Юлием Цезарем, который в 49 году до н.э. перешел Рубикон, начав тем самым гражданскую войну. После его убийства в 44 году до н.э. последовал период военных конфликтов и политических манёвров, завершившийся установлением власти Октавиана Августа, первого римского императора, в 27 году до н.э.<br />\r\n<br />\r\nРасцвет империи<br />\r\n<br />\r\nЭпоха Римской империи – это время колоссальных успехов в разных областях. Августовская эра (27 г. до н.э. – 14 н.э.) ознаменовалась стабильностью и процветанием, известным как Pax Romana (Римский мир). Это был период интенсивного строительства, развития инфраструктуры и искусства, а также закрепления римского правопорядка и административной системы.<br />\r\n<br />\r\nРасцвет империи продолжался при династии Юлиев-Клавдиев (14–68 н.э.), включая правление таких императоров, как Тиберий, Калигула и Нерон. После краткого периода нестабильности, последовало время Флавиев (69–96 н.э.), во время которого были построены знаменитый Колизей и Титова арка. Это также было время расширения границ империи и укрепления её границ.<br />\r\n<br />\r\nКультурные и технологические достижения<br />\r\n<br />\r\nКультурное наследие Римской империи огромно. Римляне внесли значительный вклад в архитектуру, инженерное дело, литературу, искусство и философию. Они построили обширную сеть дорог, акведуков и общественных зданий, которые не только способствовали экономическому росту, но и стали символами римской инженерной мысли.<br />\r\n<br />\r\nВ литературе и искусстве этот период ознаменован творчеством Вергилия, Горация, Овидия и других, чьи работы до сих пор являются классикой западной литературы. В философии распространение стоицизма и эпикуреизма отражает стремление римлян к поиску смысла жизни и моральных ценностей.<br />\r\n<br />\r\nРимская империя оказала неизмеримое влияние на последующие поколения в областях права, управления, инженерии, архитектуры, литературы и искусства. Её наследие продолжает жить в современных культурах, языках, искусстве, архитектуре и правовых системах по всему миру.<br />\r\n<br />\r\nКонец Римской империи и наследие<br />\r\n<br />\r\nРимская империя, оставившая неизгладимый след в мировой истории, в конечном итоге подошла к своему закату. Этот период, ознаменовавшийся как конец одной из величайших цивилизаций античности, был результатом сочетания внутренних и внешних факторов, оказавших влияние на структуру и устойчивость империи.<br />\r\n<br />\r\nПричины падения Западной Римской империи<br />\r\n<br />\r\nПолитические проблемы и военная нестабильность: Со второго века нашей эры Римская империя столкнулась с серией политических кризисов, включая частые смены правителей и гражданские войны. Это подорвало политическую стабильность и управленческую эффективность.<br />\r\nЭкономический упадок: Отсутствие крупных завоеваний, обеспечивавших приток богатства, а также чрезмерное налогообложение и инфляция, привели к экономическому упадку. Это ухудшило жизнь средних граждан и усилило социальное недовольство.<br />\r\nСоциальные проблемы: Неравенство, коррупция и упадок морали также сыграли свою роль в ослаблении Римской империи, уменьшив её способность справляться с внешними и внутренними вызовами.<br />\r\nНатиск варварских племён: Внешнее давление со стороны германских и других варварских племён постоянно усиливалось. Особенно значительным стало их нашествие в 4-5 веках, что привело к дальнейшему ослаблению империи.<br />\r\nРазделение империи: Решение императора Диоклетиана разделить империю на западную и восточную части в 286 году нашей эры создало дополнительные управленческие и оборонительные проблемы, особенно для Западной Римской империи.<br />\r\nОкончательное падение и наследие<br />\r\n<br />\r\nЗападная Римская империя окончательно рухнула в 476 году, когда варварский вождь Одоакр сверг последнего римского императора Ромула Августула. Это событие традиционно считается концом античности и началом Средневековья.<br />\r\n<br />\r\nНаследие Римской империи огромно и многоаспектно. Римская культура, язык (латынь), правовая система и архитектурные достижения оказали глубокое влияние на развитие западной цивилизации. Латинский язык и римское право стали основой для многих европейских языков и юридических систем. Архитектурные и инженерные разработки, такие как акведуки, дороги и амфитеатры, являются примерами римского гения.<br />\r\n<br />\r\nВ области искусства и литературы Рим оставил богатое наследие, включающее творения таких авторов, как Вергилий, Овидий и Цицерон. Их работы и сегодня изучаются и ценятся за их литературное мастерство и философскую глубину.<br />\r\n<br />\r\nПадение Римской империи — это не просто историческое событие, а момент, ознаменовавший конец одной эпохи и начало другой. Его наследие продолжает жить в современной культуре, языке, искусстве, архитектуре, праве и многих других аспектах жизни.<br />\r\n<br />\r\nВизантийская империя: Продолжение Римской традиции<br />\r\n<br />\r\nВизантийская империя, известная также как Восточная Римская империя, была прямым продолжением Римской империи после её распада в пятом веке. Этот уникальный исторический период ознаменован удивительной устойчивостью и культурным расцветом, который оказал глубокое влияние на историю Европы, Ближнего Востока и христианства.<br />\r\n<br />\r\nОтделение Византии от Рима<br />\r\n<br />\r\nВизантийская империя официально началась в 330 году, когда император Константин Великий основал Константинополь (ныне Истанбул) как &quot;Новый Рим&quot;. После разделения Римской империи на Западную и Восточную части в конце 4 века, Византия стала отдельным политическим центром. Этот период характеризовался переходом от латинской к греческой культуре, а также усилением христианской религии в государственных делах.<br />\r\n<br />\r\nВизантийско-сасанидские войны и исламское завоевание<br />\r\n<br />\r\nВизантийская империя вела длительные войны с Персидской империей Сасанидов. Эти конфликты, продолжавшиеся веками, истощили обе империи, сделав их уязвимыми для внешних угроз. В начале 7 века, во время правления императора Гераклия, Византия оказалась под давлением исламского завоевания, что привело к потере большей части своих территорий на Ближнем Востоке и в Северной Африке.<br />\r\n<br />\r\nКультурное развитие и византийское искусство<br />\r\n<br />\r\nНесмотря на военные потрясения, Византийская империя достигла значительного культурного расцвета.', 3, 24, '2025-02-26'),
(8, 'История додинастического Египта', 'У всякой истории есть свое начало. Началом истории Древнего Египта является период додинастики, праистория египетского государства и культуры. Вопрос о том, с чего именно нужно начинать повествование о Древнем Египте является дискуссионным. Еще в конце девятнадцатого века Генрих Бругш начинал свою историю Древнего Египта с легенды. Нужно понимать, что существует как бы две истории – история, которая имела место быть и само повествование об этом. В этом смысле, различные художественные конструкции, в том числе и легенды, являются эффектным способом введения в историю чего бы то ни было. Но что же это за легенда? Египтяне не писали собственной истории, и уж конечно, самый ранний период становления Египта не оставил по себе письменных свидетельств. Но определенная рефлексия о тех временах все же сохранилась. Дело в том, что сами египтяне считали институт царской власти сакральным, и созданным во времена творения первоначал бытия. А, следовательно, для египтян не было такого времени, когда не существовало династий правителей. Разрозненные свидетельства, высеченные на монументах, а также ценнейший Туринский царский список, донесли до нас сведения о предполагаемых царях тех далеких дней. Додинастический Египет – это конструкт и приобретение более поздних времен. Сами же египтяне отлили свое представление о начале собственной истории в виде преданий, которые в конечном счете и были записаны в Туринском списке. Относится к ним нужно с величайшей осторожностью, ведь сам тот факт, что легендарные правления начинаются со списка царей-богов, указывает на мифичность восприятия египтянами своей «доистории».В узком смысле слова додинастика - это время пятого-четвертого тысячелетий до н.э., когда уже свершилась неолитическая революция, то есть произошел переход обитателей долины и дельты Нила к производящему хозяйству, время активного развития археологических культур на территории Верхнего и Нижнего Египта, время формирования и реализации предпосылок к политическому процессу, который и увенчался становлением единого египетского государства. Взгляд историка, когда мы говорим о додинастическом Египте, прежде всего прикован к старейшим артефактам Египта – вотивной (ритуальной) булаве царя Скорпиона, многочисленным палеткам (пластинам для растирания косметики), особенно к палетке Нармера – символу объединения Египта в единое государство.<br />\r\n<br />\r\nМы несколько расширим в наших обсуждениях границы додинастики, введя в нее проблематику египетского неолита, а, следовательно, культур на прямую не относящихся к додинастическому периоду. Подобное уточнение необходимо, ведь в свое время додинастический период отсчитывали с амратской культуры, которую открыли раньше, чем предшествовавшие ей культуры Севера и Юга. Палеолит же и эпипалеолит на территории Египта обсуждать почти не будем, это отдельный вид штудий, который не относится к проблеме додинастики в узком смысле слова. Таким образом, говоря о додинастическом Египте, мы будем иметь ввиду:<br />\r\n<br />\r\n- культуры свершившейся неолитической революции – Бадари (на юге), Файюм А, Меримде Бени Салама (на севере).<br />\r\n<br />\r\n- додинастические культуры Нагада I и Нагада II(и их аналоги на севере)<br />\r\n<br />\r\n- протодинастический период (время политогенеза и культуры Нагада III)<br />\r\n<br />\r\nНо почему вообще важно знать о додинастическом периоде? Не проще ли начать сразу с истории фараонов? Нет, конечно проще, но это было бы совершенно неправильно. Современная наука совершила существенные прорывы в области дописьменного знания и теперь становится понятно, что многие основные мотивы, элементы мелодии египетской цивилизации впервые зазвучали еще до того как красная и белая короны были совмещены на голове царя всего Египта. Такк какое место занимает Додинастика в истории Древнего Египта?<br />\r\n<br />\r\nДодинастика одновременно переходный и подготовительный этап. Словно река, словно все нарастающий поток, она изливается из палеолита, сохраняя ориентацию на камень, как цивилизационную основу Египта, и вливается в поток исторического времени, привнеся в него дуальность белой и красной корон, зооморфные представления о богах, культ Осириса и многое другое. В этом потоке калейдоскопом мелькают заманчивые артефакты, культурные открытия, загадочные лица правителей, от которых сохранилось одно лишь имя, ранняя версия иероглифов на табличках из гробницы царя Скорпиона и многое другое.<br />\r\n<br />\r\nС точки зрения политической истории додинастика – это прежде всего время зарождения прото-государственных объединений на территории Египта. Первоначально о царской власти в них не шло и речи. Необходимо отделять феномен вождества от института царской власти. Однако нет сомнений в том, что уже доисторические вожди стали на тот путь, на котором власть и олицетворяющая ее фигура приобретут величественные очертания поздних, царских времен. Если мы посмотрим на петроглифы восточной и западной пустынь, мы увидим, как фигура вождя, побеждающего диких зверей (особенно столь зловредных человеку гиппопотамов), или же стоящего на ладье, возвышается над фигурами обычных смертных – это тот мотив художественного искусства, который полностью перейдет в искусство исторического периода. Вождь, как и в последующие времена египетский царь – это «высокий человек», покоритель дикой природы, фигура, возвышающая своих подданных в этом мире. Однако от вождей доисторического времени до царей протодинастического периода должна была совершится эволюция, к сожалению на примере этого вопроса мы знаем, что в области доистории много белых пятен, ведь почти невозможно «ухватить» сам феномен мышления дописьменного человека, а следовательно остается строить гипотезы, теории различной степени достоверности и убедительности.<br />\r\n<br />\r\nДоднинастика – это период зарождения городских центров и стремления к монументализации смерти. К слову о смерти, египтяне не сохранили достоверных свидетельств о своей доистории, но додинастические верования, обычаи и ритуалы словно прорываются сквозь страницы «Египетской книги мертвых», в тех местах в которых говорится о сожжении тел и прочих «прелестях», столь далеких от более поздних погребальных обычаев. Но и тут додинастика первенствует – не так давно была найдена полноценная мумия, относящаяся к периоду до воцарения Первой династии, соотвественно и обряд мумификации зародился еще в додинастические времена. Так же в то время на карте Египта появились и первые города. Такие города как Тинис (Чени), Иераконполь (Нехен), Нагада (Нубт) и погребальный центр Абидоса (Абджу) возникли уже в додинастическое время. Ученые, специализирующиеся на додинастике отводят особое место феномену додинастического города – на примере древнего Иераконполя. В Абидосе (Абджу) возник царский погребальный комплекс, на примере которого мы можем проследить как расходились пути и дороги различных слоев египетского общества – царям воздавались почести и им строились роскошные (по тем временам) погребальные сооружения, беднякам же оставалось упокоиться в земле пустыни. Но по иронии судьбы, пески пустыни оказались куда более надежным консервантом чем все мумифицирующие бальзамы, а потому в египетском смысле слова, бедняки вполне могли рассчитывать на «сохранение» тела своего для последующей жизни.<br />\r\n<br />\r\nЗародились в додинастическом периоде и определенные символические элементы царской власти – красная и белая короны (до поры не соединенные на голове одного монарха), культ Сокола – покровителя царской власти. К додинастическим временам относится и «божественное противостояние» Сета и Хора. Вообще в духовном плане важно отметить, что некоторые элементы классической египетской цивилизации закладываются уже в додинастический период. К таким элементам относятся «открытие» бога Анубиса, ассоциирующегося со смертью, и культ Осириса. Не вполне ясно как и где зародился культ Осириса, но можно предположить, что случилось это в Нижнем Египте, ведь именно в его болотах Изида прятала сына своего Гора, после рождения. В какой-то момент возможно культурное влияние Нижнего Египта превалировало над влиянием Египта Верхнего, но со временем эта ситуация изменилась, и в деле унификации египетской цивилизации именно Верхнему Египту было суждено сыграть ключевую роль. Додинастика – это время формирования основ египетской цивилизации. Но каковы представления о додинастике, имеющиеся у современных ученых?<br />\r\n<br />\r\nКлюч к додинастическому периоду – это археология. Понять это легко, если держать в уме то обстоятельство, что непосредственных письменных свидетельств о той поре не сохранилось. Именно усилия археологов дают доступ к информации о жизни формирующегося египетского общества V-IV тысячелетий. Письменность лишь зарождалась в этот период. И самым ранним ее проявлением являются ярлычки с протоиероглифами из гробницы царя Скорпиона. Точнее из двух гробниц, предположительно относящихся к этому додинастическому царю – одна в Ум-эль-кааб, а другая в Иераконполе. Его имя уже можно наблюдать в картушах, в том числе на ритуальной булаве, носящей его имя. Нужно сказать, что додинастика – это вообще время подступов к изобретению письменности. Ныне считается, что иероглифическая система письма в полном виде сложилась еще до объединения Египта – примерно около 3200 г. до н.э. Однако, те процессы в мышлении и речи, которые предваряли изобретения письма активно разворачивались на протяжении всей додинастической истории, и в след за иероглификой, уже в самом начале исторического периода Египет придет и к первой ее модификации – иератическому письму.<br />\r\n<br />\r\nИзначально додинастическая история представляла собой белое пятно на карте египетской истории, и ученые начинали повествование об истории Египта с более поздних стадий, либо же отсылали к представлениям самих египтян о своем прошлом, которые были связаны с династиями богов и легендарных правителей, им наследовавшим.<br />\r\n<br />\r\nДолгое время, из-за ограниченности археологических сведений, додинастика представала перед учеными как сборник оторванных друг от друга очагов цивил', 3, 18, '2025-02-26');
INSERT INTO `posts` (`id`, `title`, `content`, `user_id`, `views`, `date`) VALUES
(9, 'Что происходит с организмом, когда в него попадает алкоголь? Рассказывает нарколог', 'Вам кажется, что пропуская каждый вечер с друзьями кружку пива, вы просто расслабляетесь после трудового дня. Однако даже малые дозы алкоголя - большой стресс для организма. Чтобы вывести токсины, ему придется усердно трудиться несколько часов. Главный нарколог нашей клиники Василий Шуров расскажет, что именно происходит с внутренними органами, когда вы выпиваете.<br />\r\n<br />\r\n​Как все начинается<br />\r\nВ состав алкогольных напитков входит токсичное вещество этанол - одноатомный спирт, горючая, летучая, бесцветная жидкость. Согласно Большой советской энциколопедии, этиловый спирт — это наркотическое вещество, которое вызывает алкогольное возбуждение, а в больших дозах угнетает функции центральной нервной системы. При первом же глотке этанол поступает в кровь через микроскопические сосуды в полости рта. Вещество отлично растворяется в воде и жирах, поэтому мгновенно проходит через мембраны любых клеток.<br />\r\n<br />\r\nБуквально через 5-10 минут каждый орган получает дозу алкоголя. Наступает эффект легкого опьянения. Вы расслабляетесь, настроение улучшается, накопившиеся проблемы отходят на второй план. Чем крепче алкоголь, тем ощутимее эффект.<br />\r\n<br />\r\nЗатем этанол поступает в желудок и, если вы поели перед употреблением, то ненадолго задерживается там. А если нет, весь объем пойдет дальше — в тонкий кишечник. Через стенки желудка в кровь попадает только 20% выпитого.<br />\r\n<br />\r\nПечень<br />\r\nДалее молекула этанола проникает в печень. Здесь этанол взаимодействует с ферментом алкогольдегидрогеназа и образует ядовитое вещество ацетальдегид.<br />\r\nДругой фермент альдегиддегидрогеназа расщепляет токсичный ацетальдегид до уксусной кислоты. Клетки печени преобразуют ее в воду и углекислый газ. Здоровая печень перерабатывает до 90% алкоголя, но очень медленно — со скоростью 10 г/час. Это кружка пива или рюмка крепкого спиртного напитка. Чтобы обезвредить этанол, содержащийся в одной бутылке красного вина, печени нужно трудиться не менее 8 часов.<br />\r\n<br />\r\nЭтанол, который печень не успела переработать, устремляется в другие органы.<br />\r\n<br />\r\nКровеносные сосуды<br />\r\nЭтанол закупоривает кровеносные сосуды, склеивая клетки крови — эритроциты. Сосуды запечатываются тромбами и не дают кислороду поступать к внутренним органам, а, главное, к мозгу.<br />\r\n<br />\r\nМозг<br />\r\nПопадая в мозг, этанол нарушает работу нейромедиаторов. Эти вещества передают электрохимический импульс от нервной клетки к мышечной ткани. Именно они отвечают за поведение и эмоциональные реакции. При большой дозе вы можете потерять самоконтроль и даже не вспомнить потом своих слов и поступков.<br />\r\n<br />\r\nАлкоголь запускает главный тормозной нейромедиатор мозга — гамма-аминомасляную кислоту (ГАМК) и одновременно замедляет работу возбудителя — глутаминовой кислоты. Поэтому при малых дозах человек испытывает приятное расслабление, а при больших его клонит в сон.<br />\r\n<br />\r\nЭтанол активирует выработку эндорфина и дофамина. Эти соединения влияют на мозг, вызывая эмоциональный подъем и даже эйфорию. А еще привыкание и потребность постоянно увеличивать дозу.<br />\r\n<br />\r\n​Сердце<br />\r\nПопадая в сердце, этанол стимулирует его работу. Оно начинает быстрее перегонять кровь, содержащую алкоголь. Учащается пульс, из-за тромбов в кровеносных сосудах, растет давление.<br />\r\n<br />\r\nАлкоголь находится в организме порядка 5-7 часов. Его максимальная концентрация достигается через 1 - 1,5 часа. Все это время сердце работает в усиленном режиме.<br />\r\n<br />\r\n​Почки<br />\r\nЭтанол влияет и на них. После употребления алкоголя появляются частые позывы к мочеиспусканию. Таким образом почки пытаются избавиться от токсинов. Кроме этого этанол препятствует выработке гормона вазопрессина, который отвечает за удержание жидкости. Из-за его нехватки почки начинают активнее работать, возникает желание сходить в туалет.<br />\r\n<br />\r\n​Сколько продлится опьянение?<br />\r\nОрганизм приходит в норму после того, как печень полностью переработает алкоголь. Насколько быстро это произойдет, зависит от совокупности факторов. Роль играют масса тела, пол, образ жизни и наследственность.<br />\r\n<br />\r\nДозу алкоголя, после которой наступит сильное опьянение, определяет соотношение активности ферментов алкогольдегидрогеназа и альдегиддегидрогеназа, унаследованное от родителей.<br />\r\n<br />\r\nГенетические особенности, связанные с выработкой эндорфина и дофамина, влияют на появление зависимости. Если этих гормонов в организме недостаточно, велик шанс, что человек пристрастится к алкоголю.<br />\r\n<br />\r\nЧто потом?<br />\r\nЕсли считаете, что ежедневный бокал пива за ужином или крепкое спиртное по выходным не приводят к привыканию, то вы ошибаетесь.<br />\r\n<br />\r\nОчень быстро одной бутылки пива или пары бокалов вина становится недостаточно и доза постепенно растет.<br />\r\n<br />\r\nДружеские посиделки с алкоголем в выходные — все равно, что еженедельное пищевое отравление. Организм просто не успевает за неделю восстанавливаться от интоксикации.<br />\r\n<br />\r\nИ даже выпивки раз в месяц достаточно, чтобы организм получил алкогольное потрясение.<br />\r\n<br />\r\nБезопасной дозы алкоголя не существует. Стресс лучше снимать, не прибегая к спиртному. А повышать выработку дофамина и эндорфина — с помощью организации комфортного режима дня, правильного питания, спорта и здорового баланса между работой и отдыхом.', 4, 21, '2025-02-26'),
(10, 'Курение и его влияние на организм человека', 'Курение – это одна из самых распространённых и опасных привычек современности. Несмотря на обширную информацию о вреде табака, миллионы людей продолжают курить, например, для расслабления или к социальной активности.<br />\r\n<br />\r\nВ этой статье мы подробно рассмотрим, что приносит курение организму человека, анализируя как краткосрочные, так и долгосрочные последствия этой привычки.<br />\r\n<br />\r\nКак устроен процесс курения?<br />\r\nКогда человек курит, он вдыхает дым, который состоит из более чем 7000 химических веществ. Некоторые из них являются ядами (например, бензол, формальдегид), а другие — канцерогенами (вещества, способствующие развитию рака).<br />\r\n<br />\r\nОсновной активный ингредиент табака – никотин. Он быстро попадает в кровь, что создает чувство удовольствия и расслабления, обманом заставляя мозг думать, что курение положительно влияет на настроение.<br />\r\n<br />\r\nВоздействие на дыхательную систему<br />\r\nКурение в первую очередь наносит удар по дыхательной системе. Дым, вдыхаемый курильщиком, раздражает легкие и вызывает воспалительные процессы, что может вести к респираторным заболеваниям. Долгосрочные последствия курения:<br />\r\n<br />\r\nБронхит: Хроническое воспаление бронхов, которое приводит к кашлю и выделению мокроты.<br />\r\nЭмфизема: Разрушение альвеол в легких, что затрудняет дыхание и снижает уровень кислорода в крови.<br />\r\nРак легких: По данным Всемирной организации здравоохранения (ВОЗ), курение является главной причиной рака легких – около 85% всех случаев этого заболевания связано с курением.<br />\r\nВлияние на сердечно-сосудистую систему<br />\r\nКурение также значительно влияет на сердце и сосуды. Никотин вызывает сужение сосудов, что затрудняет приток крови к органам и тканям. Это повышает риск возникновения сердечно-сосудистых заболеваний:<br />\r\n<br />\r\nИшемическая болезнь сердца: Состояние, возникающее из-за недостаточного кровоснабжения сердца, что может привести к инфаркту.<br />\r\nИнсульт: Курение увеличивает риск инсульта, т.к. оно способствует образованию тромбов и повышает давление.<br />\r\nВлияние на иммунную систему<br />\r\nКурение ослабляет иммунную систему, что делает организм более уязвимым перед инфекциями. Исследования показывают, что курильщики болеют гриппом и другими респираторными инфекциями чаще, чем некурящие. Это связано с тем, что дым подавляет активность иммунных клеток, необходимых для борьбы с инфекциями.<br />\r\n<br />\r\nВлияние на кожу и внешность<br />\r\nКурение не только влияет на внутренние органы, но и сказывается на внешности. Оно ускоряет процессы старения кожи, что связано с ухудшением кровообращения. На коже курильщиков появляются морщины, она становится тусклой и менее упругой. Также курение может приводить к желтизне зубов и неприятному запаху изо рта.<br />\r\n<br />\r\nПсихологические аспекты курения<br />\r\nКурение часто воспринимается как способ справиться со стрессом и напряжением. Никотин действительно может временно повышать уровень «гормонов счастья», таких как дофамин, что создает иллюзию того, что курение приносит эмоциональное облегчение. Однако риск развития зависимости также возрастает, и многие курильщики замечают, что со временем курение перестаёт быть способом расслабления, а становится необходимостью. При попытках бросить курить могут возникать симптомы абстиненции: раздражительность, тревожность, депрессия.<br />\r\n<br />\r\nНаучные факты о вреде курения<br />\r\nСтатистика: По данным CDC (Центры по контролю и профилактике заболеваний), более 480 000 смертей в год в США связаны с курением, что составляет около 20% всех случаев.<br />\r\nКанцерогены: В дыме сигарет содержится более 70 известных канцерогенов. Например, бензопирен – канцерогенное вещество – образуется в процессе горения табака.<br />\r\nСмертность: По оценкам, курильщики живут на 10 лет меньше, чем некурящие. Отказ от курения в любом возрасте, даже в пожилом, может значительно улучшить здоровье и продлить жизнь.<br />\r\nКурение – это многогранная и опасная привычка, оказывающая негативное влияние на различные аспекты здоровья человека. От дыхательной и сердечно-сосудистой системы до иммунной защиты и внешности, последствия курения касаются всех. Осознание этих фактов может помочь не только курильщикам рассмотреть возможность бросить эту привычку, но также и обществу – продолжать борьбу с курением через просвещение и профилактику. искоренение курения может стать решающим шагом к более здоровому будущему для больших и малых групп населения.<br />\r\nФакты о влиянии курения на сердечно-сосудистую систему<br />\r\nПовышенное кровяное давление: Курение вызывает временное повышение артериального давления. Доступ к кислороду и питательным веществам для тканей уменьшается, что заставляет сердце работать больше, увеличивая риск сердечно-сосудистых заболеваний.<br />\r\nСнижение уровня кислорода в крови: Углекислый газ, содержащийся в табачном дыме, вытесняет кислород в крови, что приводит к гипоксии (недостатку кислорода). Это создает дополнительное напряжение на сердечно-сосудистую систему.<br />\r\nАтеросклероз: Курение способствует образованию бляшек в артериях, ограничивая кровоток и увеличивая риск сердечных приступов и инсультов. Курицы в два раза больше подвержены риску развития атеросклероза.<br />\r\nВоздействие на иммунную систему<br />\r\nКурение негативно сказывается на работе иммунной системы:<br />\r\n<br />\r\nОслабление иммунитета: Химические вещества в дыме табака снижают уровень иммунных клеток и нарушают их функцию, что делает организм более уязвимым к инфекциям.<br />\r\nИнфекции верхних дыхательных путей: Курильщики более подвержены инфекциям, таким как пневмония, из-за снижения защитных механизмов дыхательных путей.<br />\r\nВоздействие на обмен веществ<br />\r\nКурение влияет на обмен веществ, что может приводить к нежелательным последствиям для здоровья:<br />\r\n<br />\r\nСнижение аппетита: Никотин может временно подавлять аппетит, что часто приводит к неправильному питанию и дефициту необходимых питательных веществ.<br />\r\nМетаболизм: У курильщиков отмечается ускоренный метаболизм, что может приводить к потере мышечной массы, особенно если они прекращают курить и не корректируют режим питания.<br />\r\nВлияние на репродуктивное здоровье<br />\r\nКурение может оказывать негативное влияние на репродуктивную систему:<br />\r\n<br />\r\nУ мужчин: Курение связано с низким качеством спермы, снижением подвижности сперматозоидов и повышенным риском импотенции. Исследования показывают, что курильщики имеют более высокий риск проявления бесплодия.<br />\r\nУ женщин: Курение увеличивает риск выкидышей, внеплановой беременности и преждевременных родов. Оно также может ухудшать здоровье плаценты, что негативно сказывается на развитии плода.<br />\r\nДолгосрочные последствия<br />\r\nПри постоянном курении, даже после 20-30 лет, риск развития серьезных заболеваний значительно увеличивается. Вот некоторые долгосрочные последствия:<br />\r\n<br />\r\nОнкологические заболевания: Помимо рака легких, курение также связано с повышенным риском развития рака горла, ротовой полости, пищевода, мочевого пузыря и поджелудочной железы.<br />\r\nХронические обструктивные болезни легких (ХОБЛ): Эта группа заболеваний, включая хронический бронхит и эмфизему, может существенно снизить качество жизни и привести к инвалидности.<br />\r\nСнижение продолжительности жизни: Курение сокращает жизнь, в среднем на 10 лет. Это связано со всеми вышеупомянутыми факторами, приводящими к хроническим заболеваниям и преждевременной смерти.', 4, 19, '2025-02-26'),
(11, 'Вейп полезен?! Кому и в каких случаях? Результаты последних исследований', '<br />\r\n<br />\r\nPulmo_Ole<br />\r\n29 подписчиков<br />\r\nПодписаться<br />\r\nВейп – современный убийца или безобидная игрушка? Узнайте, чем вы рискуете!<br />\r\nПартнёрская публикация<br />\r\n3 минуты<br />\r\n8 прочтений<br />\r\n7 декабря 2024<br />\r\nКаждый из вас хотя бы раз видел, как клубы сладковатого пара окутывают молодых людей, а может и сами пробовали &quot;парить&quot;. Но действительно ли электронные сигареты так безобидны, как кажется на первый взгляд? Давайте разбираться, опираясь на мой опыт работы пульмонологом и последние научные данные.<br />\r\n<br />\r\n▌1. Электронные сигареты: что это и откуда они взялись?<br />\r\n<br />\r\nЭлектронные сигареты (ЭС), вейпы или айкосы – это устройства, которые нагревают и испаряют жидкость, содержащую никотин, ароматизаторы и другие химические вещества. В отличие от обычных сигарет, здесь нет горения табака, что и стало причиной их популярности как якобы &quot;более безопасной&quot; альтернативы. История их создания относительно недавняя – начало 2000-х годов. Маркетинг вейпов был нацелен в первую очередь на молодежь и подростков, и, к сожалению, это сработало.<br />\r\n<br />\r\n▌2. Вейпинг: масштаб проблемы и ее последствия<br />\r\n<br />\r\nСегодня, по данным 2023 года, вейпы употребляет 15% от курящего населения России, а это – огромная цифра, которая, к сожалению, неуклонно растет. Особенно тревожит, что вейпинг активно распространяется среди подростков и молодежи. И тут возникает первый парадокс: ведь электронные сигареты позиционировались как &quot;помощь в отказе от курения&quot;, а на деле они стали воротами в никотиновую зависимость для целого поколения.<br />\r\n<br />\r\nИ теперь о грустном: хотя вейпы не выделяют дым, они не так безобидны, как кажется. Многие вейп-жидкости содержат высокие концентрации никотина, которые по своему объему могут соответствовать 20-40 пачкам обычных сигарет! А парение в закрытых помещениях, без дыма, делает возможным употреблять никотин в таких количествах почти без ограничений. Это приводит к тому, что вейперы в 4-5 раз больше потребляют никотина, чем курильщики обычных сигарет.<br />\r\n<br />\r\n▌3. Чем грозит вейпинг вашим легким и не только?<br />\r\n<br />\r\nКак практикующий пульмонолог, я могу с уверенностью сказать, что вейпинг – это серьезный удар по вашему здоровью. Последствия могут быть катастрофическими:<br />\r\n<br />\r\n1) Болезни легких: вейпы, как и обычные сигареты, повышают риск развития хронической обструктивной болезни легких (ХОБЛ), рака легких. Кроме того, доказано, что вейпинг может вызвать специфическое повреждение легких, известное как EVALI.<br />\r\n<br />\r\n2) Сердечно-сосудистые заболевания: никотин, содержащийся в жидкостях для вейпов, увеличивает риск атеросклероза, инфаркта миокарда, инсульта и артериальной гипертонии.<br />\r\n<br />\r\n3) Влияние на растущий организм: особенно опасно употребление вейпов в подростковом и раннем молодежном возрасте, когда легкие и мозг еще находятся в процессе развития. Это может привести к торможению роста и развития, а также к различным когнитивным нарушениям.<br />\r\n<br />\r\n4) Зависимость: Вейпинг, как и курение обычных сигарет, вызывает сильную никотиновую зависимость, от которой потом крайне тяжело избавиться.<br />\r\n<br />\r\n▌4. &quot;Синдром ускоренного старения&quot;<br />\r\n<br />\r\nИ в заключение, хочу поделиться своим врачебным наблюдением. Если к нам в пульмонологию обычные курильщики чаще всего приходят с жалобами на кашель и одышку в возрасте 48-60 лет, то вейперы, к сожалению, все чаще и чаще обращаются уже в 18-25 лет с теми же симптомами.<br />\r\n<br />\r\nКак специалист, не хочу никого пугать, но хочу, чтобы вы осознавали последствия вашего выбора. Не стоит ускорять свое старение на 20-30 лет.<br />\r\n<br />\r\n▌Выводы<br />\r\n<br />\r\nВейпинг, несмотря на свою внешнюю привлекательность и кажущуюся безобидность, – это далеко не &quot;безопасная альтернатива курению&quot;. Это опасное пристрастие, которое наносит непоправимый вред вашему здоровью. Если вы хотите прожить долгую и здоровую жизнь, то я, как пульмонолог с большим стажем, настоятельно рекомендую избегать вейпов и любых других форм курения.<br />\r\n<br />\r\nХэштеги: #Вейп #ЭлектронныеСигареты #Пульмонология #ЗдоровьеЛегких #ВредКурения #EVALI #НикотиноваяЗависимость #ХОБЛ #РакЛегких<br />\r\n<br />\r\nБлагодарим вас за то, что дочитали нашу статью до самого конца. Надеемся, что она оказалась для вас полезной.<br />\r\n<br />\r\nПодписчики нашего канала (если вы еще не подписаны, приглашаем вас это сделать).<br />\r\n<br />\r\nПросим вас соблюдать правила при написании комментариев, иначе они могут быть удалены.<br />\r\n<br />\r\nНе забудьте подписаться и включить напоминание на нашем канале, чтобы получать уведомления о новых публикациях.', 4, 42, '2025-02-26'),
(12, 'Симс 5: новые подробности игры', 'Фото ранней сборки игры показывает множество функций и подтверждения фанатских теорий.<br />\r\n<br />\r\nПосле того, как произошла утечка всей тестовой сборки Project Rene для настольных компьютеров и устройств Android, один из кандидатов тестировки игры смог получить несколько изображений ранней сборки.<br />\r\n<br />\r\nПара игроков также смогли увидеть и протестировать саму сборку и поиграть с открытым миром игры, особенностями сборки и даже физикой объектов. Давайте вместе разбираться, что нам готовит The Sims 5.<br />\r\n<br />\r\nThe Sims 5 Бета-версия карты мира<br />\r\nРанее мы наблюдали за миром во французском стиле, где проходили игровые тесты Project Rene и первые показы. Однако до сих пор нам не удавалось увидеть полный масштаб этого мира.<br />\r\n<br />\r\nКарта мира The Sims 5 на ранней стадии изучения сосредоточена на густонаселенной игровой зоне. С несколькими десятками районных зон, рекой, протекающей прямо через новый город, квартирами и домами, которые еще предстоит заселить на протяжении разработки.<br />\r\n<br />\r\nПользователь Dataminer DzXAnt22 обнаружил оригинальную карту мира, созданную для игрового тестирования. Согласно его посту, область, выделенная красным, - это то, что мы изначально видели в утечках и отчетах Project Rene. Все остальное за пределами красной области неиграбельно и не поддается обнаружению.<br />\r\n<br />\r\nОбласть, выделенная красным цветом на карте, указывает на игровую область в игровом тестировании. Вот несколько сравнений карты с некоторыми игровыми скриншотами, на которых показано правильное расположение карты.<br />\r\n<br />\r\nКарта также основана на Париже, поскольку пользователь нашел скрытые ссылки на реальные фотографии IRL в файлах игры.<br />\r\n<br />\r\nЧтобы сравнить масштаб текущей известной карты мира Sims 5, OP опубликовала дополнительные изображения, на которых красная игровая область сравнивается с внешним видом в игре.<br />\r\n<br />\r\nПользователь также рассказала некоторую информацию о текущей производительности игры и о том, насколько хорошо игра оптимизирована прямо сейчас на устройствах Android:<br />\r\n<br />\r\nProject Rene использует потоковую передачу ресурсов и LOD, чтобы все работало без сбоев. На данный момент работает со скоростью ~ 30 кадров в секунду Galaxy s9. Производительность остается стабильной даже при полном уменьшении масштаба.<br />\r\nНигде в файлах игры нет значка пользовательского интерфейса “путешествие” (или чего-либо подобного).<br />\r\nСсылки на строки для “путешествий” в другие участки или локации не найдены.<br />\r\nИмейте в виду, что этой тестовой сборке больше года (утечка март 2024), и с тех пор многое могло измениться, однако я твердо верю, что это будет игра с открытым миром, похожая на TS3.<br />\r\n<br />\r\nPlaytest все еще не представляет потенциальную полноценную игру, которой может стать Project Rene.<br />\r\n<br />\r\nКогда будет выпущена игра Симс 5? Давайте сравнив, как EA соблюдает сроки в разработке дополнительных механик Симс 4. Разработчики сказали, что при запуске The Sims 4 в 2011 году в игре появятся малыши, и в итоге нам пришлось ждать 3 года, пока их добавят в игру.<br />\r\n<br />\r\nУ меня появилось предположение, что &quot;Симс 5&quot; будет похож на игру InZoi. Поскольку разработчики InZoi опережают EA, то нам следует ждать сначала корейский симс. Чтобы вы поняли, оставляю ссылку на обзор InZoi ниже.', 5, 6, '2025-02-26'),
(13, 'Лайф хак mobile legend новичка', 'ля новичка<br />\r\n<br />\r\nMobile Legends Bang Bang⁠⁠<br />\r\n<br />\r\nИзучите каждого персонажа и их способности, чтобы лучше понимать своих противников и товарищей по команде.<br />\r\nИграйте на разных линиях и ролях, чтобы узнать, как работать в разных ситуациях.<br />\r\nОсвойте базовые навыки, такие как правильное использование автоатак и уход от опасности.<br />\r\nНастройте контроллер игры, чтобы он лучше соответствовал вашим потребностям и удобству.<br />\r\nСледите за мини-картой, чтобы знать, где находятся враги и союзники.<br />\r\nУлучшите свои рефлексы и принимайте быстрые решения в критических моментах.<br />\r\nНе играйте один на один против более опытных игроков, пока не будете уверены в своих навыках.<br />\r\nСосредоточьтесь на своих задачах и не пытайтесь выполнять роль других игроков.<br />\r\nУчитесь играть с разными стратегиями и тактиками, чтобы адаптироваться к разным ситуациям.<br />\r\nНе забывайте об игровых объектах, таких как баффы и турели, которые могут помочь вам в битве.<br />\r\nПрактикуйте координацию с командой и следуйте ее указаниям.<br />\r\nИзучите карту и поймите, где находятся ключевые точки, такие как линии защиты и контрольные точки.<br />\r\nУлучшите свои навыки управления камерой, чтобы следить за игровым полем и увидеть все, что происходит.<br />\r\nНе забывайте про свои снаряжение и умения, используйте их с умом в бою.<br />\r\nИзучайте игру на высоком уровне, смотрите профессиональные матчи и учитесь от опытных игроков.<br />\r\nПоддерживайте хорошие отношения с другими игроками, чтобы создать командный дух и координацию.<br />\r\nНе забывайте про общение с другими игроками, используйте чаты и голосовые сообщения, чтобы договариваться о тактике и стратегии.<br />\r\nПостоянно анализируйте свою игру, чтобы понимать свои ошибки и улучшать свои навыки.<br />\r\nУзнайте, как использовать механики игры, такие как отскоки и отбрасывания, чтобы получать преимущество в бою.<br />\r\nНаконец, не забывайте про свою эмоциональную стабильность, игра может быть интенсивной и стрессовой, но помните, что главное - это здоровый и приятный опыт игры.<br />\r\nРазвивайте свою коммуникацию и работайте с командой, чтобы достичь больших целей.<br />\r\nИспользуйте умения в правильное время и месте, чтобы создавать оптимальные условия для своей команды.<br />\r\nНаучитесь понимать, какие персонажи лучше всего работают вместе и используйте их в своих комбинациях.<br />\r\nУчитесь читать игру и определять, когда ваша команда может наступать и когда нужно уходить.<br />\r\nСледите за ресурсами и учитесь управлять ими, чтобы не оставаться без них в критических моментах.<br />\r\nИграйте с другими игроками, которые лучше вас, чтобы учиться на их опыте.<br />\r\nНе забывайте про здоровье и энергию, отдыхайте и заботьтесь о себе, чтобы быть в форме для игры.<br />\r\nИграйте не только на своих любимых линиях, но и на других, чтобы понимать, как работают другие персонажи.<br />\r\nИспользуйте различные варианты билдов и снаряжения, чтобы адаптироваться к разным ситуациям в игре.<br />\r\nУчитесь играть с различными настройками графики, чтобы улучшить производительность и оптимизировать игровой процесс.<br />\r\nОбщайтесь с другими игроками и узнавайте новые тактики и стратегии для своих любимых персонажей.<br />\r\nУчитесь читать игровую карту и использовать ее для принятия правильных решений и действий.<br />\r\nИспользуйте умения синхронно с командой, чтобы создавать мощные комбинации и контролировать игру.<br />\r\nНе бойтесь экспериментировать с различными стратегиями и тактиками, чтобы найти оптимальный вариант для вашей команды.<br />\r\nИграйте различными персонажами, чтобы расширить свой арсенал навыков и знаний.<br />\r\nИспользуйте знания о своих противниках, чтобы предугадывать их действия и принимать правильные решения.<br />\r\nИграйте с другими игроками из разных стран и культур, чтобы узнать больше об игровом мире и понимать различия в стилях игры.<br />\r\nПриобретайте и улучшайте предметы, которые могут увеличить ваши шансы на победу, такие как сапог, предметы снижения кулдауна или усиления урона.<br />\r\nПри игре в режиме &quot;Ранкед&quot;, будьте готовы к более серьезной и конкурентной игре, и не забывайте приспосабливаться к разным стилям игры и уровням навыков противников.<br />\r\nНаконец, не забывайте, что игра должна быть в первую очередь увлекательной и приятной. Наслаждайтесь игрой, радуйтесь каждой победе и не забывайте учиться на своих ошибках для улучшения своих навыков в будущем.', 5, 0, '2025-02-26'),
(14, 'Топ лучших убийц в Mobile legend ( часть 1)', 'Убийцы Mobile legend имеют различные стили игры и чрезвычайно полезны для команды. Обычно они обладают высоким взрывным уроном и хорошей мобильностью, это позволяет им преследовать цели с низким уровнем здоровья. Здесь вы узнаете о лучших героях на этой роли. <br />\r\n<br />\r\nИ открывает этот список сайбер.<br />\r\n<br />\r\nЕго навыки позволяют ему убивать вражеских героев в течение нескольких секунд. Пассивная способность персонажа снижает физическую защиту врагов каждый раз когда он наносит им урон это делает его сильный даже в самом начале игры. Способности сайбера ориентированны на нанесение быстрого урона, после чего уход с поля боя. Ультимейт основная причина по которой его считают очень опасным героем. Подкидывая вражеского героя наносит большой взрывной урон, обычно этого достаточно чтобы уничтожить тонкого врага<br />\r\n<br />\r\nЭмблемы и Сборка. <br />\r\n<br />\r\nИспользуем эмблему убийцы со вторым перком. <br />\r\n<br />\r\nСборка:<br />\r\n<br />\r\n1) Магические сапоги<br />\r\n<br />\r\n2) Клинок семи морей<br />\r\n<br />\r\n3) Бесконечная битва<br />\r\n<br />\r\n4) Удар охотника<br />\r\n<br />\r\n5) Клинок отчаяния<br />\r\n<br />\r\n6) Злобный рык', 5, 0, '2025-02-26'),
(15, 'История Ангелы из Mobile Legend', 'История<br />\r\nДоктор Бейкер был одним из соучредителей Лаборатории 1718, учреждения, созданного с целью установления мира во всем мире. Но по мере того, как его коллеги, то есть другие ученые, все глубже и глубже погружались в свои экстравгантные эксперименты по превращению человека в оружие, доктор Бейкер чувствовал, что у него нет другого выбора, кроме как оставить все это и заняться новым проектом. Отказавшись от сомнительной этичности человеческих экспериментов, он попытался создать новый вид жизни исключительно из механического скелета, марионеточных нитей и синтетической кожи. Наконец-то родилось новое поколение искусственной жизни. Доктор Бейкер твердо верил, что любовь и надежда — величайшие изобретения человечества. Поэтому он запрограммировал самые трогательные истории в мире в сердце своего нового творения, превратив ее в робота на базе андроида, предназначенного для помощи другим.<br />\r\n<br />\r\nОдним ясным утром Мирный Андроид Прототип 1 проснулась в своей постели, и доктор Бейкер даровал этому очаровательному механическому ангелу имя Ангела. Ангела следовала за Доктором, изучая мир и надеясь получить похвалу от доктора. Однако их мирная жизнь вскоре была прервана. Когда до сумасшедшего ученого из Лаборатории 1718 дошли слухи о том, что доктор Бейкер создал живую душу вне человеческого тела, что не соответствовало их представлениям о создании оружия из плоти, они не могли в это поверить. Между собой они были убеждены, что Бейкер предал их, сохранив это знание при себе, прежде чем сбежать, и поэтому они приказали прошлым творениям доктора Бейкера, Альфе и Бете, выследить доктора Бейкера и его творение. Когда их преследователи уже почти приблизились к ним, доктор Бейкер поместил Ангелу в лётную капсулу, поручив ей найти его хорошего друга Руни.', 5, 3, '2025-02-26'),
(16, 'SMM - специалист: кто это и как им стать.', 'Смм - менеджер, smm - специалист, сммщик - наверняка вам не раз попадалось это словосочетание. В этой статье мы подробно и простыми словами объясним, что это за профессия, как ее получить, сложно ли учиться и сколько можно зарабатывать обладая этими знаниями.<br />\r\n<br />\r\nПрофессия эта относительно молодая и ворвалась в нашу жизнь одновременно с социальными сетями. И если в начале появления последних, их рассматривали исключительно в развлекательных целях, то уже спустя небольшое время в социальные сети пришел крупный бизнес. И сейчас этому бизнесу просто позарез нужны грамотные специалисты, способные делать продажи.<br />\r\n<br />\r\nВ социальных сетях сейчас сидят практически все, за исключением совсем уж пожилых людей, не представляющих что такое смартфон, компьютер и интернет.<br />\r\n<br />\r\nТинейджеры - зависают в Тик Токе, молодежь - в Инстаграме, люди среднего возраста - в ВКонтакте или Фейсбуке, люди за 40 - в Одноклассниках. Практически все из них, платежеспособные люди, которые часто что - то покупают. А это значит, что при грамотном подходе им вполне можно, это что-то, продавать.<br />\r\n<br />\r\nИ вот этим как раз и занимаются Смм - специалисты, ну или менеджеры, как их еще называют. Далее, мы более подробно углубимся в эту профессию, чтобы вы смогли понять насколько она близка вам и стоит ли тратить свое время и главное, деньги, на ее получение.<br />\r\n<br />\r\nЧто такое смм<br />\r\n<br />\r\nSmm или Смм - это производное от 3 английских слов - Social Media Marketing. В переводе означает - маркетинг в социальных сетях.<br />\r\n<br />\r\nЕсли говорить простыми словами, то Смм - это продвижение каких-либо товаров, брендов или услуг в различных социальных сетях. Цель - продажа товара или услуги, ну или продвижение бренда для узнаваемости его среди населения.<br />\r\n<br />\r\nВысший пилотаж хорошего Smm - специалиста это ненавязчиво подвести клиента к продаже так, чтобы он не заметил рекламы и был уверен, что покупает сам.<br />\r\n<br />\r\nКто такой Smm - менеджер и чем он занимается<br />\r\nSmm - менеджер - это специально обученный человек продвигающий тот или иной товар (бизнес, услугу) в социальных сетях.<br />\r\n<br />\r\nОн самостоятельно разрабатывает стратегию продвижения, проводит анализ аудитории и конкурентов, планирует бюджет на рекламу, настраивает ее, если нужно и создаёт контент для размещения в пабликах, группах и т.д.<br />\r\n<br />\r\nКроме этого, Cмм - менеджер ведёт диалог с подписчиками, отвечает на их вопросы, если они возникают, рассказывает о скидках и специальных выгодных предложениях, а также формирует у подписчиков позитивный имидж компании. Цель всего этого - сделать подписчиков, впоследствии, своими клиентами.<br />\r\n<br />\r\n<br />\r\nЧто должен знать и уметь хороший Смм - специалист<br />\r\n<br />\r\nХороший Смм -специалист должен обладать определенным набором знаний и умений, а именно:<br />\r\n<br />\r\nГрамотно выбирать социальные сети для рекламы и продвижения товара (услуги, бизнеса), подыскивая целевую аудиторию. Как мы уже говорили в начале этой статьи, в разных соцсетях сидят разные возрастные категории и то, что можно продать, например, в Инстаграм, невозможно будет продать, например, в Одноклассниках.<br />\r\nУметь грамотно и со вкусом оформлять группы, сообщества, страницы и т.д.<br />\r\nСоздавать посты и публикации в соответствии с контент - планом.<br />\r\nПроводить грамотный анализ своей целевой аудитории и конкурентов.<br />\r\nЗапускать рекламу в разных социальных сетях, управлять рекламным бюджетом, чтобы не слить его.<br />\r\nУметь работать с фото и видеоконтентом, уметь грамотно работать с комментариями, в том числе и негативными.<br />\r\n<br />\r\nМожет ли СММщик работать удаленно<br />\r\n<br />\r\nНикаких ограничений на этот счет нет. SMM - специалист может работать как удаленно, так и в офисе компаний. Удаленная работа в этой профессии даже приветствуется, так как не требует ежедневного нахождения на рабочем месте. Все что нужно для работы - это знания и ноутбук с подключенным интернетом.<br />\r\n<br />\r\nМногие СММщики вполне успешно работают на себя, беря заказы во фрилансе, но для этого у вас должен быть опыт работы и хорошее резюме, которое вы смогли бы показать заказчикам.<br />\r\n<br />\r\n<br />\r\nКак стать SMM - специалистом с нуля<br />\r\n<br />\r\nЭта профессия вполне по зубам практически каждому. Она не относится к сверхсложным, как, например, тоже программирование и стать хорошим и грамотным Смм - специалистом можно практически с нуля. Мы делали обзор лучших курсов для тех кто хочет освоить эту профессию. Можете воспользоваться ей.<br />\r\n<br />\r\n<br />\r\nКому больше подходит эта профессия<br />\r\nСогласно исследованиям психологов, профессия smm - менеджера больше подходит девушкам и женщинам. Мужчин СММщиков также достаточно, но представители прекрасного пола в силу своих психологических особенностей больше подходят на эту роль.<br />\r\n<br />\r\nЧто бы там ни говорили, девушки более креативны, общительны, им проще найти общий язык с потенциальным клиентом и понять его желания, страхи и опасения. Социальные сети - это их стихия, в которой они чувствуют себя как рыба в воде!<br />\r\n<br />\r\n<br />\r\nСколько учиться<br />\r\n<br />\r\nСрок обучения зависит от вашего уровня подготовки. В целом, программы онлайн-курсов достаточно насыщенны и требуют времени. Теория и практика в них поделены примерно поровну - 50 на 50 %.<br />\r\n<br />\r\nSMM-специалист - это полноценная профессия. Если вы приходите в нее в нуля, то полное обучение может занять от 9 до 16 месяцев. Отдельные курсы затрагивающие продвижение только в одной социальной сети, могут длиться 2-4 месяца.<br />\r\n<br />\r\nЕсть также упрощенные курсы по Смм, дающие только основу. Для начала можно окончить их и уже потом, развиваться в этой области дальше.<br />\r\n<br />\r\n<br />\r\nГде учиться<br />\r\n<br />\r\nНиже будут ссылки на популярные онлайн - курсы от 2 топовых образовательных платформ - &quot;Яндекс Практкум&quot; и &quot;Скиллбокс&quot; (обзор):<br />\r\n<br />\r\nСмм - специалист (полный курс 16 месяцев).<br />\r\nИнстаграм - маркетолог.<br />\r\nSMM от Middle до Senior (программа для тех, кто уже в профессии - 9 месяцев).<br />\r\nСмм - специалист с нуля (вводный 4 месячный курс для абсолютных новичков).<br />\r\nSmm - менеджер от Яндекс Практикум (полный курс от Школы Яндекса, начать можно бесплатно).<br />\r\nЗдесь, мы писали о профессии интернет-маркетолога.<br />\r\nСколько получают Smm - менеджеры<br />\r\n<br />\r\nЗарплаты СММщиков варьируются от 20-30 тысяч до 100 и более. Чтобы рассчитывать на высокую зарплату нужен стаж работы, опыт и умение делать продажи. Сможете продавать - будете хорошо получать и клиенты сами будут проситься поработать с вами.<br />\r\n<br />\r\nЕсли есть уверенность в своих силах и некоторая свободная сумма денег, то можно попробовать поработать и на себя, продавая в социальных сетях какие-либо товары по партнерским программам используя свои знания в Смм. С каждой продажи вы будете получать процент. Также всегда можно искать клиентов на биржах фриланса.<br />\r\n<br />\r\nПомимо дохода, это еще и бесценный опыт, для получения которого вы не рискуете чужими деньгами. Правда рискуете своими, но обойтись без этого не получится.<br />\r\n<br />\r\nСммщик и таргетолог это одно и тоже или нет<br />\r\n<br />\r\nНесмотря на то, что казалось бы, эти специалисты занимаются одним и тем же, разница между ними все-таки есть.<br />\r\n<br />\r\nТак таргетолог - это узконаправленный специалист. Он работает только с таргетированной рекламой соцсетей, анализирует и настраивает ее.<br />\r\n<br />\r\nСмм - специалист - помимо работы с той же рекламой, может выполнять еще много разной работы. Таким образом, СММщик - более универсальный специалист.<br />\r\n<br />\r\nПодписывайтесь на наш телеграмм, в котором мы публикуем анонсы новых курсов, новости, акции и скидки на обучении более чем 50 российских онлайн-школ и вы всегда будете в курсе того, что происходит на российском рынке онлайн-образования!', 6, 42, '2025-02-26'),
(17, 'Как снимать видео правильно: от оборудования до стабилизации', 'Как снимать видео: советы от практика<br />\r\nВидео обладает уникальной способностью захватывать внимание аудитории: передавать нужные эмоции, доносить любую информацию. Простыми словами, видео — цепляет и удерживает. И особенно важно видео для начинающих артистов: формат дает огромные возможности в плане продвижения.<br />\r\n<br />\r\nВведение. Почему блогер должен уметь снимать видео (и зачем читать статью)<br />\r\nНо здесь и кроется проблема: потребность в видеоконтенте растет в геометрической прогрессии, а вот качество большей части такого контент — оставляет желать лучшего. Они просто не знают, что снимать надо по-другому. Ведь в видеосъемке есть свои законы.<br />\r\n<br />\r\nИ 98% начинающих блогеров не знают об этих законах. Вот они и сталкиваются с серьезными трудностями при попытке создать привлекательный, профессионально выглядящий видеоконтент.<br />\r\n<br />\r\nОтсутствие базовых знаний о композиции, освещении, звуке и монтаже приводит к тому, что даже ценный контент тонет в море некачественно снятых роликов. В результате блогеры упускают возможность развиваться.<br />\r\n<br />\r\nАлгоритмы YouTube, Instagram, ВКонтакте и TikTok, отдают предпочтение только качественному видеоконтенту. Вот почему навыки видеосъемки (ваши или вашего оператора) — критически важны для роста начинающего артиста.<br />\r\n<br />\r\nОборудование. Зеркальные камеры и видеокамеры<br />\r\nПри выборе техники важно учитывать не только ее технические характеристики, но и ваши конкретные потребности. Другими словами, что именно вы будете снимать (и как). Для влогов, например, смартфона — вполне достаточно.<br />\r\n<br />\r\nВыбор оборудования для видеосъемки — фундамент, на котором строится качество контента глобально.<br />\r\n<br />\r\nПереход к цифровым зеркальным (и беззеркальным!) дает значительно больше возможностей для творчества. Ведь такие камеры оснащены большими сенсорами, что обеспечивает лучшее качество изображения, особенно в условиях слабого освещения. Возможность смены объективов позволяет достичь различных визуальных эффектов: от широкоугольных панорамных съемок до впечатляющих крупных планов с размытым фоном (боке).<br />\r\n<br />\r\nЗеркалки Sony A7 III, Canon EOS R, Panasonic GH5 — популярный выбор среди блогеров, которые поставили производство видео на поток. Оно и понятно: в этих игрушках есть профессиональные функции, что дает больше возможностей для цветокоррекции в постпродакшене, более высокую частоту кадров для съемки slow-motion, более продвинутые системы автофокуса. И много чего ещё…<br />\r\n<br />\r\nЕщё существует отдельный сегмент устройств, именно для полупрофессиональной видеосъёмки. Это, например, камеры Blackmagic. Блогеры любят эти устройства за максимальный контроль над параметрами съемки, за высокий битрейт записи, за возможность работы с различными форматами файлов. За компактные размеры, в конце концов. Однако даже такие малютки требуют определенных скиллов от оператора.<br />\r\n<br />\r\n…именно зеркальные фотокамеры обеспечивают невероятную картинку, которая недостижима на любительских видеокамерах.<br />\r\n<br />\r\nОборудование. Смартфоны<br />\r\nТеперь про особенности съемки на iPhone и Android-устройства. Современные флагманские модели Apple, Samsung, Google, Sony (и других производителей) оснащены крутейшими камерами, способными снимать видео в разрешении 4K с частотой до 60 кадров в секунду. Этого более чем достаточно для начинающих…<br />\r\n<br />\r\niPhone — славится своей системой стабилизации, и, конечно же — качеством цветопередачи (особенно важно при съемке в движении и при сложном освещении).<br />\r\nAndroid-устройства — дают более гибкие настройки камеры (позволяя контролировать ISO, выдержку, баланс белого).<br />\r\nОднако у смартфонов есть и свои минусы. Небольшой размер сенсора ограничивает их возможности в условиях низкой освещенности, а фиксированный объектив — не позволяет достичь такого же уровня контроля над глубиной резкости, как при использовании профессиональной оптики.<br />\r\n<br />\r\nКамера айфонов, считается, одной из самых лучших среди мобильных устройств<br />\r\nПриложения — могут значительно расширить функционал встроенной камеры, дать инструменты, ранее доступные только на профессиональном оборудовании.<br />\r\n<br />\r\nFiLMiC Pro (iOS, Android)<br />\r\nСкачать для iOS<br />\r\n<br />\r\nСкачать для Android<br />\r\n<br />\r\nРасширенный контроль над параметрами съемки (дает ручную настройку экспозиции, фокуса, баланса белого и частоты кадров). Приложение поддерживает съемку в формате LOG, что дает больше возможностей для цветокоррекции в постпродакшне. Особенно полезна функция Focus Peaking, которая подсвечивает области в фокусе, облегчая ручную фокусировку.<br />\r\n<br />\r\nProCam (iOS)<br />\r\nСкачать для iOS<br />\r\n<br />\r\nРучное управление экспозицией, фокусом, тонкая настройка баланса белого, а также поддерживает съемку в формате RAW (для фото). Приложение также позволяет работать с различными режимами съемки, есть time-lapse и slow-motion.<br />\r\n<br />\r\nOpen Camera (Android)<br />\r\nСкачать для Android<br />\r\n<br />\r\nПоддерживает ручную настройку ISO, экспозиции, подробную настройку баланса белого, а также дает инструменты для съемки time-lapse и возможность использования внешних микрофонов, что очень важно для видео.<br />\r\n<br />\r\nMoment Pro Camera (iOS)<br />\r\nСкачать для iOS<br />\r\n<br />\r\nПоддерживает съемку в формате RAW, ручное управление всеми параметрами, а также — позволяет тонко настраивать битрейт видео.<br />\r\n<br />\r\nDJI Mimo (iOS)<br />\r\nСкачать для iOS<br />\r\n<br />\r\nКлассные режимы съемки уже из коробки (hyperlapse, slow-motion, другие), а также встроенные инструменты для быстрого монтажа.<br />\r\n<br />\r\nH3: ProShot (iOS, Android)<br />\r\nСкачать для iOS<br />\r\n<br />\r\nСкачать для Android<br />\r\n<br />\r\nРучной контроль над всеми параметрами съемки.<br />\r\n<br />\r\nVideoshop (iOS, Android)<br />\r\nСкачать для iOS<br />\r\n<br />\r\nСкачать для Android<br />\r\n<br />\r\nЭто приложение совмещает в себе функции съемки (улучшенная камера) + редактора видео. Базовые инструменты для монтажа, добавления текста, музыки и эффектов прямо на мобильном устройстве.<br />\r\n<br />\r\nLumaFusion (iOS, Android)<br />\r\nСкачать для iOS<br />\r\n<br />\r\nСкачать для Android<br />\r\n<br />\r\nПозволяет снимать видео непосредственно в timeline проекта, что особенно удобно для быстрого создания контента.<br />\r\n<br />\r\nЗвук в видео: как записывать<br />\r\n<br />\r\nКачественный звук не менее важен, чем изображение. Так плохой звук может испортить впечатление даже от визуально безупречного видео.<br />\r\n<br />\r\nПетличка — спасет на первое время, и лучше сразу купить что-то по серьезнее.<br />\r\nОбратите внимание на эхо и фоновые шумы. Мягкие поверхности (ковры, шторы) помогают улучшить акустику.<br />\r\nПри съемке на улице используйте ветрозащиту на микрофон.<br />\r\nВсегда проверяйте звук через наушники во время записи.<br />\r\nСледите, чтобы уровень звука не был слишком низким (будут шумы) или высоким.<br />\r\nСовет от профессионала: перед началом записи видео — запишите несколько секунд тишины в помещении. Позже вы сможете безболезненно изолировать фоновый шум из видео.<br />\r\n<br />\r\nЗвук — это 50% успеха видеопродукта. И даже если визуальный ряд безупречен, плохой звук может полностью разрушить впечатление от видео.<br />\r\n<br />\r\nВыбор микрофонов<br />\r\nВыбор правильного микрофона критически важен для получения качественного звука.<br />\r\n<br />\r\nВстроенные микрофоны — подходят только для записи фонового звука или в крайнем случае. Не рекомендуются для профессиональной работы.<br />\r\nНаправленные микрофоны (шотганы) — идеальны для записи диалогов. Такие фокусируются непосредственно на звуке перед микрофоном, минимизируя посторонние шумы.<br />\r\nКонденсаторные — используются в студийных условиях для записи голоса, благодаря их чувствительности и широкому частотному диапазону.<br />\r\nДинамические — хорошо отработают в шумной обстановке. Часто используются для записи живых выступлений.<br />\r\nСовет от профессионала: при выборе микрофона учитывайте не только его характеристики, но и совместимость с вашей камерой. Некоторые микрофоны требуют фантомного питания, которое есть не у всех камер.<br />\r\n<br />\r\nСоветы по записи чистого звука<br />\r\nНастройте уровень так, чтобы пиковые значения были около -6 дБ. Это обеспечит запас по громкости, предотвратит искажения.<br />\r\n<br />\r\nПо возможности выбирайте тихие места для записи. Обращайте внимание на фоновые шумы — кондиционеры, холодильники, уличный трафик. Отключаем их, минимизируем. Если невозможно — ищем другое место.<br />\r\n<br />\r\nСовет от профессионала: инвестируйте в качественные наушники для мониторинга звука. Они позволят услышать все нюансы записи, вовремя заметить проблемы.<br />\r\n<br />\r\nАвтор: Сергей Ломакин<br />\r\n<br />\r\nКомпозиция. Базовые принципы и законы<br />\r\nКомпозиция в видеосъемке — искусство организации визуальных элементов в кадре таким образом, чтобы создать гармоничное изображение. Правило третей — самый известный принцип композиции.<br />\r\n<br />\r\nСогласно нему, кадр мысленно разделяется на девять равных частей двумя горизонтальными и двумя вертикальными линиями. Ключевые элементы кадра — нужно располагать вдоль этих линий или в точках их пересечения:<br />\r\n<br />\r\nУчёт правила третей создает более динамичную композицию, чем простое центрирование объекта<br />\r\nОднако не стоит воспринимать правило третей как догму. В некоторых случаях намеренное нарушение этого правила может создать интригующий визуальный эффект. Например, расположение объекта в центре кадра может подчеркнуть его значимость:<br />\r\n<br />\r\nФормально правило третей нарушено<br />\r\nВедущие линии — это элементы кадра, которые естественным образом направляют взгляд зрителя к определенной точке сцены. Умелое использование ведущих линий помогает создать глубину в кадре, акцентировать внимание на важных элементах композиции.<br />\r\n<br />\r\nСцена с ведущими линиями<br />\r\nБаланс в кадре — еще один ключевой аспект правильно выстроенной композиции. И соблюдение баланса не обязательно означает тотальную ', 6, 25, '2025-02-26');
INSERT INTO `posts` (`id`, `title`, `content`, `user_id`, `views`, `date`) VALUES
(18, 'Продвижение сайтов в Москве: как вывести ваш бизнес на новые горизонты', 'В условиях высокой конкуренции на рынке Москвы, эффективное интернет-продвижение становится важным инструментом для развития любого бизнеса. Сегодня не достаточно просто создать сайт и оставить его без внимания. Чтобы привлечь клиентов, необходимо грамотно продвигать его в поисковых системах, чтобы ваш сайт оказался на первых позициях по ключевым запросам. Это обеспечит вам высокий трафик, улучшит конверсии и поможет добиться существенного роста продаж.<br />\r\n<br />\r\nМосква — один из крупнейших мегаполисов мира с насыщенным рынком и множеством конкурентов в каждой нише. В таких условиях для успешного существования и роста бизнеса важно обеспечить себе видимость в интернете. Мы предлагаем эффективное продвижение сайтов в Москве, которое поможет вам выделиться среди конкурентов и привлечь целевых клиентов.<br />\r\n<br />\r\nЗачем нужно продвижение сайтов в Москве?<br />\r\nДля чего необходимо продвижение сайта? Вопрос, который задает каждый бизнес, сталкивающийся с необходимостью развивать свое присутствие в интернете. Чтобы дать на него полный ответ, важно понимать, что продвижение сайта — это комплекс мероприятий, направленных на улучшение позиций сайта в поисковых системах. Чем выше сайт находится в поисковой выдаче, тем больше вероятность того, что на него зайдут потенциальные клиенты.<br />\r\n<br />\r\nМногие предприниматели думают, что наличие красивого и функционального сайта — это уже достаточная гарантия успеха. Однако это не так. Даже самый лучший сайт не будет приносить пользу, если его не видят пользователи. Изначально сайт должен быть правильно настроен и оптимизирован для поисковых систем, чтобы занимать высокие позиции по релевантным запросам.<br />\r\n<br />\r\nПреимущества, которые дает грамотное продвижение сайта:<br />\r\n<br />\r\nУвеличение видимости в поисковых системах и привлечение большего количества пользователей.<br />\r\nПривлечение целевой аудитории. Правильное продвижение помогает ориентироваться на клиентов, которые заинтересованы в ваших услугах или товарах.<br />\r\nРост конверсий и продаж. Чем больше целевых пользователей заходят на сайт, тем выше шанс получить заявки и продажи.<br />\r\nУкрепление бренда. Постоянное присутствие в ТОП выдачи поисковых систем создает доверие к вашему бизнесу.<br />\r\nОсобенно важно внимание к продвижению сайтов в Москве, поскольку здесь высока конкуренция во всех областях, от розничной торговли до сферы услуг и технологий. Здесь необходимо активно работать не только на улучшение видимости, но и на продвижение бренда среди широкой аудитории.<br />\r\n<br />\r\nОсобенности продвижения сайтов в Москве<br />\r\nМосква — это не просто крупный мегаполис, а настоящий центр бизнеса, технологий и инноваций. В условиях такой насыщенной и конкурентной среды продвижение сайта становится важнейшей частью стратегического плана для бизнеса. Важно учитывать несколько факторов, которые определяют успешность продвижения в столице.<br />\r\n<br />\r\nВысокая конкуренция. В Москве огромное количество компаний работает в каждой нише, и для того чтобы выделиться среди них, нужно активно продвигаться и иметь стратегию, ориентированную на привлечение целевой аудитории.<br />\r\nЛокальная оптимизация. В Москве многие пользователи предпочитают искать товары и услуги, ориентируясь на их расположение. Это значит, что для продвижения сайтов в Москве особенно важна локальная SEO-оптимизация — использование географических меток и ключевых слов, ориентированных на конкретные районы и особенности города.<br />\r\nМобильная аудитория. В Москве значительно возросла доля пользователей, которые ищут товары и услуги через мобильные устройства. Поэтому важно, чтобы ваш сайт был адаптирован под мобильные устройства и быстро загружался. Это влияет не только на удобство пользователей, но и на позиции сайта в поисковой выдаче.<br />\r\nКачество контента. В условиях высокой конкуренции качество контента становится важным фактором успеха. Ваши статьи, тексты на страницах, блоги должны быть не только уникальными, но и информативными, чтобы привлекать внимание пользователей и побуждать их к взаимодействию с сайтом.<br />\r\nПозиции в поисковиках. Для большинства пользователей поиск в интернете начинается с Google или Яндекса. Поэтому задача продвижения сайта — добиться высоких позиций в этих поисковых системах, чтобы ваш сайт находился в топе по ключевым запросам.<br />\r\nЭтапы продвижения сайта<br />\r\nДля того чтобы достичь высоких позиций в поисковых системах и привлечь целевых пользователей, необходимо пройти несколько этапов продвижения. Каждый из них имеет свои особенности, и именно комплексный подход гарантирует наилучший результат.<br />\r\n<br />\r\n1. Анализ текущего состояния сайта<br />\r\nПеред тем как начать продвижение, необходимо провести аудит сайта. Он включает в себя проверку:<br />\r\n<br />\r\nТехнического состояния — загрузка страниц, наличие ошибок, корректность настроек.<br />\r\nКонтента — насколько текст на сайте отвечает потребностям пользователей и запросам поисковых систем.<br />\r\nСтруктуры сайта — удобство навигации и доступность нужной информации для пользователей.<br />\r\nТехнический аудит поможет выявить все слабые места сайта, которые мешают его продвижению, и устранить их до начала активной работы.<br />\r\n<br />\r\n2. Подбор ключевых слов<br />\r\nПравильный подбор ключевых слов является основой успешного продвижения. Важно учитывать запросы, которые могут вводить потенциальные клиенты, а также уникальные особенности вашего бизнеса. Например, если ваш бизнес связан с ремонтом техники, важно включить такие запросы, как:<br />\r\n<br />\r\n«Ремонт ноутбуков в Москве»<br />\r\n«Ремонт смартфонов в Москве»<br />\r\n«Ремонт холодильников в Москве»<br />\r\nТакже, с учетом высокой конкуренции, следует использовать долгие ключевые фразы, которые могут быть менее конкурентными, но более точными.<br />\r\n<br />\r\n3. Техническая оптимизация<br />\r\nНа этом этапе проводится настройка всех технических аспектов сайта. Это включает:<br />\r\n<br />\r\nУскорение загрузки страниц,<br />\r\nОптимизацию изображений,<br />\r\nРабота с мета-тегами,<br />\r\nАдаптация сайта под мобильные устройства.<br />\r\nТехническая оптимизация помогает сайту быстрее индексироваться поисковыми системами и получать высокие позиции.<br />\r\n<br />\r\n4. Разработка контента<br />\r\nКонтент — это не только тексты на страницах сайта, но и блоговые материалы, информационные статьи, пресс-релизы и т. д. Уникальные, интересные и полезные статьи будут не только привлекать внимание пользователей, но и помогать улучшать позиции сайта в поисковой выдаче.<br />\r\n<br />\r\nКачественный контент — это основа вашего успеха в продвижении, поэтому стоит уделять внимание не только SEO-оптимизации, но и полезности материалов для конечных пользователей.<br />\r\n<br />\r\n5. Ссылочная масса (внешняя оптимизация)<br />\r\nДля повышения рейтинга вашего сайта в поисковых системах важно работать с внешними ссылками. Ссылки с авторитетных и релевантных сайтов подтверждают ценность вашего ресурса и помогают повысить его позиции.<br />\r\n<br />\r\nНа этом этапе создается качественная сеть внешних ссылок на ваш сайт, что значительно улучшает его авторитет в глазах поисковых систем.<br />\r\n<br />\r\n6. Мониторинг и корректировка стратегии<br />\r\nПродвижение сайта не заканчивается на этапе внедрения стратегии. Мы постоянно отслеживаем позиции вашего сайта в поисковой выдаче, анализируем трафик и конверсии, чтобы своевременно корректировать действия и достигать лучших результатов.<br />\r\n<br />\r\nПреимущества сотрудничества с нами<br />\r\nМы предлагаем полный спектр услуг по продвижению сайтов в Москве. Наша команда специалистов обладает большим опытом работы в сфере SEO и знает, как вывести ваш сайт на топовые позиции поисковых систем.<br />\r\n<br />\r\nНаши ключевые преимущества:<br />\r\n<br />\r\nИндивидуальный подход. Для каждого бизнеса мы разрабатываем уникальную стратегию, учитывая его цели и задачи.<br />\r\nПолный спектр услуг. Мы занимаемся всем: от технической оптимизации до создания контента и построения ссылочной массы.<br />\r\nПрозрачность работы. Мы предоставляем вам регулярные отчеты о проделанной работе, чтобы вы всегда были в курсе хода продвижения.<br />\r\nЗаключение<br />\r\nПродвижение сайтов в Москве — это ключевой элемент успешного развития вашего бизнеса. Мы поможем вам сделать ваш сайт заметным, повысить трафик и конверсии, а также закрепиться в поисковой выдаче на топовых позициях.<br />\r\n<br />\r\nДоверяйте профессионалам и обеспечьте своему бизнесу уверенное будущее в интернете!', 6, 35, '2025-02-26'),
(19, 'Почему машины в России такие дорогие? Коротко, по пунктам, с примером расчета', 'На первый взгляд, вопрос о высоких ценах на новые автомобили в России естественным образом распадается на несколько — по импортным машинам, по машинам российской сборки с нулевой локализацией (типа «Москвича») и по машинам российской сборки с высокой локализацией типа «Жигулей». Между тем сложившаяся структура рыночной картины и механизмы формирования цен вовсе не предопределяют большой разницы между тремя этими группами моделей, что мы и видим — высокие цены установились на все без исключения новые легковушки: в конце сентября средневзвешенная цена покупки перешагнула отметку в три миллиона рублей. Никогда еще машины в России не были такими дорогими! Чтобы ответить на вопрос «почему так случилось», мы привлекли консультантов, которые как раз и занимаются формированием цен в немногих из оставшихся автомобильных представительств.<br />\r\n<br />\r\n1. Падающий рубль<br />\r\n<br />\r\nНачнем с очевидных факторов, которые оказывают влияние не только на автомобильный рынок, но и вообще на всех обывателей. Первым в списке здесь — наш «деревянный» рубль, который не просто слаб — это было бы еще не так плохо — плохо то, что он слабеет день ото дня. Еще год назад один юань стоил восемь рублей, нынешней весной — 12, а сейчас закупку в Китае считают из расчета 14 и даже выше. Таким образом, цена у российских дилеров растет по двум причинам: во-первых, из-за повышения закупочной цены автомобилей на китайском заводе, переведенной в рубли, во-вторых, из-за необходимости компенсации сокращения прибыли в юанях (при переводе из обесценивающихся рублей) с одной отгруженной машины, которая будет продана через какое-то время. Всю эту картину мы уже наблюдали, и не раз, в особенности после обрушения курса рубля в конце 2014 года. Тогда многие бренды из-за падения валютной выручки с одной проданной машины в России просто сократили квоту для российского рынка, перераспределив объемы в пользу рынков со стабильными национальными валютами. Этот процесс был характерен не только для премиум-брендов, но и для массовых — к примеру, для Mazda. При этом сам факт сокращения объема предложения уже обуславливал повышение цены.<br />\r\n<br />\r\n02. Логистика и дизтопливо<br />\r\n<br />\r\nДоставка одного автомобиля по железным дорогам из Китая в Россию стоит около 300 000 рублей, а то и выше. В процессе подготовки материала мы еще раз сверились с нашими консультантами. В целом они подтвердили, что железная дорога по-прежнему остается самым дорогим средством доставки, и именно по ней большинство «китайцев» машину в РФ и везут. Впрочем, есть нюансы. Конкретно от китайского склада до российского распределительного хаба цену считают в пределах 230 000–250 000 рублей, а что дальше? А дальше машины до дилеров развозят на автовозах. И вот тут самое время уточнить, что цена на дизельное топливо в этом году взлетела до 64 рублей за литр, притом что год назад была еще на уровне 54-55 рублей. Собственно, подорожание дизтоплива видно обывателю невооруженным взглядом.<br />\r\n<br />\r\nВ общем, как несложно догадаться, слабеющий рубль удорожает и эту составляющую цены, но не только он! Сейчас сложилась такая ситуация, что сложно найти водителей автовозов. Понятно, что нехватка водителей вызвала увеличение оплаты труда оставшихся.<br />\r\n<br />\r\nКороче говоря, сейчас в среднем доставка машины из хаба до дилера стоит уже почти 30 000, но и эта цена стремительно растет. Кстати, китайцы тупо заливают этот рынок перевозок деньгами, охотно оплачивая не только саму доставку машин, но и возврат автовоза порожняком, что до начала украинских событий трудно было представить.<br />\r\n<br />\r\n03. Пошлины, акцизы, таможня<br />\r\n<br />\r\nНа момент вступления России во Всемирную торговую организацию (ВТО) пошлина на ввоз импортной машины юрлицом составляла 25%. За время действия льготного период (для автопромышленности он составил семь лет) Россия взяла на себя обязательства в том числе и по снижению пошлин. В 2016 году их сократили до 23%, в 2017 — до 20%, в 2018 — до 17%, наконец, в 2019 году цена «устаканилась» на нынешней отметке в 15%. Само собой, те, кто ввозит комплект для крупноузловой сборки даже по методу SKD-4, то есть когда на голый сваренный и окрашенный кузов «накручиваются» все остальные комплектующие, закладывают на пошлину в среднем около 10% на составляющие.<br />\r\n<br />\r\nНапомним, что в товарной номенклатуре внешнеэкономической деятельности такого товара, как «машинокомплект», не существует. Предположим, что закупочная цена автомобиля на китайском заводе составляет 70 000 юаней — это значит, что после прохождения границы импортер платит 15%, которые потом будут включены в цену. Если считать по курсу 14 рублей за юань, получаем 147 000 рублей. Заметим, это более чем в два раза ниже, чем утильсбор за машину с мотором от литра до двух!<br />\r\n<br />\r\n04. Утильсбор: скоро будет и полмиллиона…<br />\r\n<br />\r\nПоскольку «утиль» — наша любимая тема, мы долго и подробно о нем распространяться не станем, а лишь уточним, что с 1 августа для легковых машин с мотором от литра до двух он составляет 300 600 рублей. Стало быть, и импортер, и инвестор, который собирает в России автомобили с нулевой локализацией (например, завод «Москвич»), просто включают эту сумму в цену машины, а в конечном итоге оплачивает ее покупатель. Фактически покупателя просто обложили налогом на право ездить «не на Жигулях». Сейчас утиль нужно трактовать только так. Между тем, по нашим прогнозам, в 2025 году, когда целевой порог локализации автомобилей вырастет, Минпромторг может снова поднять «утиль» до 500 тысяч. Но это может случиться и раньше — как пойдет…<br />\r\n<br />\r\n05. Шампанское, икра, девочки блогеры<br />\r\n<br />\r\nЕсть такая строка в графе расходов, она называется «Маркетинг». Наука эта, как мы помним со школьных лет (у кого в 10-11 классе был предмет «Экономика»), призвана исследовать рынок: изучать потребности покупателя и формировать ТЗ для инженеров. На российском автомобильном рынке это давно работает иначе: потребителю навязывают то, что выпустили в Китае. Десятки блогеров, инфлюенсеров, трендсеттеров, амбассадоров наперебой расхваливают «высокотехнологичные» китайские машины и уверяют, что без них — вообще не жизнь. По этой же строке проходит и вся открытая реклама из разряда «покупайте наших слонов», но не только. Все презентации, пресс-туры, дилерские конференции с выездом в дома отдыха — все это включается в цену машины. Чтобы вы понимали порядок цен: одна масштабная статическая презентация с хорошим залом, звуком, кейтерингом (икра-шампанское), которые устраивают сейчас все китайские бренды, обходится в 4-7 миллионов рублей, а и то и больше. Каждый бокал шампанского, выпитый журналистом, увеличивает ценник. А шампанское, поверьте, наливают очень недурное — не Московского комбината шампанских вин, его по-прежнему везут «из европ».<br />\r\n<br />\r\nНа сколько напили? Очень просто: сейчас для легковушки ценой в три миллиона под маркетинг отряжают что-то около 250 000 рублей в расчете на экземпляр, то есть сумму, сопоставимую с нынешним размером утильсбора. Однако если утильсбор — это тормоз производства, то реклама — двигатель торговли, и с этой наценкой надо смириться. Если увидите в своей «Пятерочке» «Вдову Клико» или «Филиппона» — берите, очень рекомендую.<br />\r\n<br />\r\n<br />\r\n<br />\r\n06. Маржа дилера и дистрибьютора<br />\r\n<br />\r\nО марже дилера мы в свое время писали в материале о взаимодействии продавцов с брендам Chery, Haval и Changan. Она заложена в рекомендованную розничную цену и составляет от четырех до восьми процентов. В перерасчете на рубли, исходя из ценника в три миллиона, смело говорим о 250 000 рублей. Примерно столько же составляет сейчас и маржа дистрибьютора. Отметим, что такие большие суммы характерны именно для нынешнего рынка, но так было далеко не всегда и не по всем моделям. К примеру, маржа представительства по моделям Hyundai/Kia, выпущенным на заводе в Санкт-Петербурге, не просто была меньше — на некоторых исполнениях (базовом и следующим за ним), которые изготавливали в небольших объемах, представительство не зарабатывало, а теряло. В противном случае трудно было бы удержать психологически низкие РРЦ на те версии, которые фактически не продавались и которые нужно было ждать по полгода. Тут возникает простой вопрос: а может ли дилер работать без маржи? Теоретически да, ведь основной заработок идет не на продаже, а на реализации дополнительных услуг — той же страховки, и на сервисе. Однако тогда за счет чего содержать большие автосалоны с менеджерами? Ответьте себе на вопрос: вы будете заказывать машину, которую нельзя посмотреть? Подавляющее большинство покупателей ответит «нет».<br />\r\n<br />\r\n07. Прочие расходы<br />\r\n<br />\r\nУ нас осталась мелочовка, среди которой — сертификация. Процедура получения ОТТС действительно недешева — при условии минимального зачета уже имеющихся документов, полученных в той же Европе, нужно закладывать 10 миллионов рублей. Но если в год вы планируете продать 10 000 машин, то на один экземпляр придется всего одна тысяча. Кроме того, на каждую машину идет так называемый резерв на гарантию — это своего рода страховка от возможных поломок на гарантийном сроке. Сейчас для машины в три миллиона закладывают примерно 30 000 рублей. Еще момент — стоимость оборотного капитала. Ни один дилер не покупает машину «за свои» — таких возможностей у него, как правило, нет. Дилер работает по схеме закусочной, для функционирования которой нужна высокая «проходимость» посетителей, которая и дает покупки. Как правило, дилер выкупает машины с помощью заемных средств, и часто стоимость за пользование этими средствами компенсируется дистрибьютором. Короче говоря, в расчете на одну машину за три миллиона закладывается около 70 000–80 000. Да, и чуть не забыли про модуль ЭРА-ГЛОНАСС — это еще 20 тысяч.<br />\r\n<br />\r\n08. Сборка vs Импорт. Примеры расчета<br />\r\n<br />\r\nА теперь давайте сравним цены на импортную машину и собранную в России по методу SKD-4. Напомним, что именно так выпускает машины калининградский «Автотор». Интересно, что отгрузочная це', 7, 1, '2025-02-26'),
(20, 'Самые продаваемые и популярные машины в России. Подборка 10-ти машин и цены на них', 'Какие автомобили пользовались популярностью в России в августе и за сколько их можно купить в дилерских центрах.<br />\r\n<br />\r\nПо данным Ассоциации европейского бизнеса (АЕБ), в августе 2022 года продажи новых легковых и легких коммерческих автомобилей в России достигли отметки в 41 698 единиц.<br />\r\n<br />\r\nЭто лучший результат за полгода, несмотря на то что по сравнению с 2021 годом реализация машин в стране остается на низком уровне (-62,4%).<br />\r\n<br />\r\nAutonews.ru выяснил, какие автомобили россияне покупали в августе и за сколько их сейчас можно купить у дилеров.<br />\r\n<br />\r\nLada Granta<br />\r\n<br />\r\n<br />\r\n<br />\r\nРеклама<br />\r\nДизайнерские потолочные решения Clip Technology<br />\r\nДизайнерские решения для натяжных и гипсокартоновх потолков / Закажите на Ozon!<br />\r\nСветильники<br />\r\nozon.ru<br />\r\nАвтомобили<br />\r\n15 подписчиков<br />\r\nПодписаться<br />\r\nСамые продаваемые и популярные машины в России. Подборка 10-ти машин и цены на них<br />\r\n7 минут<br />\r\n76 прочтений<br />\r\n10 сентября 2022<br />\r\nОглавление<br />\r\nLada Granta<br />\r\nLada Niva<br />\r\nLada Vesta<br />\r\nПоказать ещё<br />\r\n<br />\r\nКакие автомобили пользовались популярностью в России в августе и за сколько их можно купить в дилерских центрах.<br />\r\n<br />\r\nПо данным Ассоциации европейского бизнеса (АЕБ), в августе 2022 года продажи новых легковых и легких коммерческих автомобилей в России достигли отметки в 41 698 единиц.<br />\r\n<br />\r\nЭто лучший результат за полгода, несмотря на то что по сравнению с 2021 годом реализация машин в стране остается на низком уровне (-62,4%).<br />\r\n<br />\r\nAutonews.ru выяснил, какие автомобили россияне покупали в августе и за сколько их сейчас можно купить у дилеров.<br />\r\n<br />\r\n<br />\r\nLada Granta<br />\r\n<br />\r\nПродано в августе: 11 580 шт.<br />\r\n<br />\r\n<br />\r\nПродажи Lada Granta по сравнению с августом прошлого года выросли больше чем в два раза.<br />\r\n<br />\r\nВ АвтоВАЗе считают, что таких показателей удалось добиться благодаря запуску в производство «упрощенной» версии модели.<br />\r\n<br />\r\nТакже в компании напомнили о трудностях с выпуском модели в прошлом году, когда АвтоВАЗ был вынужден останавливать работу конвейера завода в Тольятти из-за сложностей с поставками компонентов.<br />\r\n<br />\r\n<br />\r\nОт обычной Lada Granta «упрощенная» версия отличается отсутствием АБС, а также механической кнопкой системы экстренного оповещения ЭРА-ГЛОНАСС.<br />\r\n<br />\r\nПод капотом автомобиля установлен 1,6-литровый мотор, адаптированный для работы на бензине АИ-92, мощностью 90 л.с.<br />\r\n<br />\r\nАгрегат работает совместно с пятиступенчатой механической коробкой. По данным источника Autonews.ru, экологический класс агрегата на «упрощенной» модели был понижен до стандарта Евро-2.<br />\r\n<br />\r\n<br />\r\nLada Granta сейчас носит титул не только самой популярной модели на российском рынке, но и самой доступной. На официальном сайте цены на автомобиль стартуют от 678 тыс. руб.<br />\r\n<br />\r\n<br />\r\nРеальные цены близки к рекомендованным: в крупном автосалоне на юге Москвы Granta готовы продать за 678,3 тыс. руб., а на востоке столицы — за 680 тыс. руб.<br />\r\n<br />\r\n<br />\r\nLada Niva<br />\r\n<br />\r\nПродано в августе: 2327 шт.<br />\r\n<br />\r\nОтечественный внедорожник Lada Niva стал самым популярным SUV в России. Сейчас в семейство Niva входят сразу два автомобиля.<br />\r\n<br />\r\nТак, клиентам предлагается легендарная «трехдверка» Lada Niva Legend, которая выпускается уже почти полвека без значительных технических и внешних изменений.<br />\r\n<br />\r\nСейчас с конвейера в Тольятти сходит «упрощенная» версия модели без АБС и подушки безопасности. В движение машину приводит 1,7-литровый бензиновый мотор (83 л.с. и 129 Н·м).<br />\r\n<br />\r\nДвигатель работает вместе с пятиступенчатой механической трансмиссией и полным приводом с раздаточной коробкой и блокировкой межосевого дифференциала.<br />\r\n<br />\r\nНайти Lada Niva Legend у столичных дилеров не составит труда. Однако стоимость внедорожника серьезно отличается от РЦЦ.<br />\r\n<br />\r\nТак, в зависимости от торговой компании цены на автомобиль составляют от 1 млн до 1,2 млн руб. При этом на официальном сайте машина стоит «всего» 806,9 тыс. руб.<br />\r\n<br />\r\nТакже АвтоВАЗ возобновил производство Lada Niva Travel (бывшая Chevrolet Niva).<br />\r\n<br />\r\nВнешне автомобиль напоминает Toyota RAV4 и комплектуется 1,7-литровым 80-сильным агрегатом, действующим в паре с пятиступенчатой механической коробкой, постоянным полным приводом с двухдиапазонной раздаточной коробкой и блокирующимся межосевым дифференциалом.<br />\r\n<br />\r\nНа официальном сайте указана цена 998,9 тыс. руб. В дилерский центрах нам не удалось найти автомобиль дешевле 1 млн руб., а в некоторых автосалонах за машину попросили и вовсе 1,2 млн руб.<br />\r\n<br />\r\n<br />\r\nLada Vesta<br />\r\n<br />\r\n<br />\r\n<br />\r\nРеклама<br />\r\nДизайнерские потолочные решения Clip Technology<br />\r\nДизайнерские решения для натяжных и гипсокартоновх потолков / Закажите на Ozon!<br />\r\nСветильники<br />\r\nozon.ru<br />\r\nАвтомобили<br />\r\n15 подписчиков<br />\r\nПодписаться<br />\r\nСамые продаваемые и популярные машины в России. Подборка 10-ти машин и цены на них<br />\r\n7 минут<br />\r\n76 прочтений<br />\r\n10 сентября 2022<br />\r\nОглавление<br />\r\nLada Granta<br />\r\nLada Niva<br />\r\nLada Vesta<br />\r\nПоказать ещё<br />\r\n<br />\r\nКакие автомобили пользовались популярностью в России в августе и за сколько их можно купить в дилерских центрах.<br />\r\n<br />\r\nПо данным Ассоциации европейского бизнеса (АЕБ), в августе 2022 года продажи новых легковых и легких коммерческих автомобилей в России достигли отметки в 41 698 единиц.<br />\r\n<br />\r\nЭто лучший результат за полгода, несмотря на то что по сравнению с 2021 годом реализация машин в стране остается на низком уровне (-62,4%).<br />\r\n<br />\r\nAutonews.ru выяснил, какие автомобили россияне покупали в августе и за сколько их сейчас можно купить у дилеров.<br />\r\n<br />\r\n<br />\r\nLada Granta<br />\r\n<br />\r\nПродано в августе: 11 580 шт.<br />\r\n<br />\r\n<br />\r\nПродажи Lada Granta по сравнению с августом прошлого года выросли больше чем в два раза.<br />\r\n<br />\r\nВ АвтоВАЗе считают, что таких показателей удалось добиться благодаря запуску в производство «упрощенной» версии модели.<br />\r\n<br />\r\nТакже в компании напомнили о трудностях с выпуском модели в прошлом году, когда АвтоВАЗ был вынужден останавливать работу конвейера завода в Тольятти из-за сложностей с поставками компонентов.<br />\r\n<br />\r\n<br />\r\nОт обычной Lada Granta «упрощенная» версия отличается отсутствием АБС, а также механической кнопкой системы экстренного оповещения ЭРА-ГЛОНАСС.<br />\r\n<br />\r\nПод капотом автомобиля установлен 1,6-литровый мотор, адаптированный для работы на бензине АИ-92, мощностью 90 л.с.<br />\r\n<br />\r\nАгрегат работает совместно с пятиступенчатой механической коробкой. По данным источника Autonews.ru, экологический класс агрегата на «упрощенной» модели был понижен до стандарта Евро-2.<br />\r\n<br />\r\n<br />\r\nLada Granta сейчас носит титул не только самой популярной модели на российском рынке, но и самой доступной. На официальном сайте цены на автомобиль стартуют от 678 тыс. руб.<br />\r\n<br />\r\n<br />\r\nРеальные цены близки к рекомендованным: в крупном автосалоне на юге Москвы Granta готовы продать за 678,3 тыс. руб., а на востоке столицы — за 680 тыс. руб.<br />\r\n<br />\r\n<br />\r\nLada Niva<br />\r\n<br />\r\nПродано в августе: 2327 шт.<br />\r\n<br />\r\nОтечественный внедорожник Lada Niva стал самым популярным SUV в России. Сейчас в семейство Niva входят сразу два автомобиля.<br />\r\n<br />\r\nТак, клиентам предлагается легендарная «трехдверка» Lada Niva Legend, которая выпускается уже почти полвека без значительных технических и внешних изменений.<br />\r\n<br />\r\nСейчас с конвейера в Тольятти сходит «упрощенная» версия модели без АБС и подушки безопасности. В движение машину приводит 1,7-литровый бензиновый мотор (83 л.с. и 129 Н·м).<br />\r\n<br />\r\nДвигатель работает вместе с пятиступенчатой механической трансмиссией и полным приводом с раздаточной коробкой и блокировкой межосевого дифференциала.<br />\r\n<br />\r\nНайти Lada Niva Legend у столичных дилеров не составит труда. Однако стоимость внедорожника серьезно отличается от РЦЦ.<br />\r\n<br />\r\nТак, в зависимости от торговой компании цены на автомобиль составляют от 1 млн до 1,2 млн руб. При этом на официальном сайте машина стоит «всего» 806,9 тыс. руб.<br />\r\n<br />\r\nТакже АвтоВАЗ возобновил производство Lada Niva Travel (бывшая Chevrolet Niva).<br />\r\n<br />\r\nВнешне автомобиль напоминает Toyota RAV4 и комплектуется 1,7-литровым 80-сильным агрегатом, действующим в паре с пятиступенчатой механической коробкой, постоянным полным приводом с двухдиапазонной раздаточной коробкой и блокирующимся межосевым дифференциалом.<br />\r\n<br />\r\nНа официальном сайте указана цена 998,9 тыс. руб. В дилерский центрах нам не удалось найти автомобиль дешевле 1 млн руб., а в некоторых автосалонах за машину попросили и вовсе 1,2 млн руб.<br />\r\n<br />\r\n<br />\r\nLada Vesta<br />\r\n<br />\r\nПродано в августе: 2221 шт.<br />\r\n<br />\r\nПервую тройку рейтинга самых популярных автомобилей замыкает Lada Vesta. В автосалонах можно купить как обычную «Весту», так и обновленную модель, которая получила приставку NG.<br />\r\n<br />\r\nНа сайте Lada цены на дорестайлинговую машину стартуют от 1,1219 тыс. руб. В крупном дилерском центре на востоке столицы за седан в базовой комплектации Classic с мотором 1,6 л мощностью 106 л.с. и пятиступенчатой МКП попросили 1,125 млн руб., но версия с автоматической коробкой стоит уже от 1,3409 млн до 1,3559 млн руб.<br />\r\n<br />\r\nLada Vesta NG в ограниченных количествах также присутствует в шоурумах. Купить такой автомобиль можно только в комплектации Luxe с мотором 1,6 л мощностью 106 л.с. и вариатором.<br />\r\n<br />\r\nЦена — 2,300 млн руб. Машина оборудована электроприводом стекол, круиз-контролем, датчиками дождя и света, а также климат-контролем.<br />\r\n<br />\r\n<br />\r\nHaval Jolion<br />\r\nПродано в августе: 1921 шт.<br />\r\n<br />\r\nСамой популярной кита', 7, 12, '2025-02-26');

-- --------------------------------------------------------

--
-- Структура таблицы `posts_favorites`
--

CREATE TABLE `posts_favorites` (
  `id` int NOT NULL,
  `user_id` int NOT NULL,
  `post_id` int NOT NULL
) ENGINE=InnoDB DEFAULT CHARSET=utf8mb3 COLLATE=utf8mb3_persian_ci;

--
-- Дамп данных таблицы `posts_favorites`
--

INSERT INTO `posts_favorites` (`id`, `user_id`, `post_id`) VALUES
(1, 3, 10),
(2, 2, 1),
(3, 2, 12);

-- --------------------------------------------------------

--
-- Структура таблицы `posts_tags`
--

CREATE TABLE `posts_tags` (
  `id` int NOT NULL,
  `post_id` int NOT NULL,
  `tag_id` int NOT NULL
) ENGINE=InnoDB DEFAULT CHARSET=utf8mb3 COLLATE=utf8mb3_persian_ci;

--
-- Дамп данных таблицы `posts_tags`
--

INSERT INTO `posts_tags` (`id`, `post_id`, `tag_id`) VALUES
(1, 1, 1),
(2, 1, 2),
(3, 2, 3),
(4, 2, 4),
(5, 2, 5),
(6, 2, 6),
(7, 5, 3),
(8, 5, 7),
(9, 5, 8),
(10, 6, 10),
(11, 6, 11),
(12, 6, 12),
(13, 7, 13),
(14, 7, 14),
(15, 7, 15),
(16, 7, 16),
(17, 8, 13),
(18, 8, 17),
(19, 8, 18),
(20, 8, 19),
(21, 9, 20),
(22, 9, 21),
(23, 9, 22),
(24, 9, 23),
(25, 10, 24),
(26, 10, 25),
(27, 10, 23),
(28, 11, 24),
(29, 11, 23),
(30, 11, 26),
(31, 12, 27),
(32, 12, 28),
(33, 12, 29),
(34, 13, 30),
(35, 13, 31),
(36, 13, 32),
(37, 13, 33),
(38, 14, 34),
(39, 14, 35),
(40, 14, 36),
(41, 14, 37),
(42, 15, 38),
(43, 15, 39),
(44, 15, 35),
(45, 15, 40),
(46, 16, 41),
(47, 16, 42),
(48, 16, 43),
(49, 17, 44),
(50, 17, 45),
(51, 17, 46),
(52, 18, 47),
(53, 18, 48),
(54, 19, 49),
(55, 19, 50),
(56, 19, 51),
(57, 20, 52),
(58, 20, 53),
(59, 20, 54),
(60, 20, 55);

-- --------------------------------------------------------

--
-- Структура таблицы `tags`
--

CREATE TABLE `tags` (
  `id` int NOT NULL,
  `name` varchar(200) CHARACTER SET utf8mb3 COLLATE utf8mb3_persian_ci NOT NULL
) ENGINE=InnoDB DEFAULT CHARSET=utf8mb3 COLLATE=utf8mb3_persian_ci;

--
-- Дамп данных таблицы `tags`
--

INSERT INTO `tags` (`id`, `name`) VALUES
(1, 'кухня'),
(2, 'рамен'),
(3, 'еда'),
(4, ' источник жизни'),
(5, ' наслаждение'),
(6, ' влияние'),
(7, ' советы'),
(8, ' мощный инструмент'),
(9, ' продукты'),
(10, 'СТАЛИН'),
(11, ' ВОПРОСЫ'),
(12, ' дисскусия'),
(13, 'история'),
(14, ' великая империя'),
(15, ' рим'),
(16, ' культурное развитие'),
(17, ' египет'),
(18, ' знание'),
(19, ' развитие'),
(20, 'ВЛИЯНИЕ'),
(21, ' организм'),
(22, ' алкоголь'),
(23, ' здоровье'),
(24, 'влияние'),
(25, ' курение'),
(26, ' вейп'),
(27, 'игры'),
(28, ' sims 5'),
(29, ' новинки '),
(30, 'mobile legend'),
(31, ' игры'),
(32, ' лайфхаки'),
(33, ' новичок'),
(34, 'Mobile legend'),
(35, ' игра'),
(36, ' рейтинг'),
(37, ' топ'),
(38, 'Mobile Legend'),
(39, ' ангела'),
(40, ' история'),
(41, 'смм'),
(42, ' спициалист'),
(43, ' профессии'),
(44, 'видео'),
(45, ' стабилизация'),
(46, ' кадр'),
(47, 'продвижение'),
(48, ' сайты'),
(49, 'машины'),
(50, ' цены'),
(51, ' россия'),
(52, 'Lada Granta'),
(53, ' Lada Niva'),
(54, ' Lada Vesta'),
(55, ' Haval Jolion');

-- --------------------------------------------------------

--
-- Структура таблицы `users`
--

CREATE TABLE `users` (
  `id` int NOT NULL,
  `name` varchar(20) COLLATE utf8mb3_persian_ci NOT NULL,
  `surname` varchar(20) COLLATE utf8mb3_persian_ci NOT NULL,
  `username` varchar(100) COLLATE utf8mb3_persian_ci NOT NULL,
  `avatar` varchar(100) CHARACTER SET utf8mb3 COLLATE utf8mb3_persian_ci DEFAULT 'none.jpg',
  `password` varchar(200) COLLATE utf8mb3_persian_ci NOT NULL
) ENGINE=InnoDB DEFAULT CHARSET=utf8mb3 COLLATE=utf8mb3_persian_ci;

--
-- Дамп данных таблицы `users`
--

INSERT INTO `users` (`id`, `name`, `surname`, `username`, `avatar`, `password`) VALUES
(1, 'Маша', 'Иванова', 'user1', '1.png', '$2y$10$dXx/uJ55b6fi8AwyqAyKDukhLvtshoZL.hQqNtt9jFxDZFqswVjri'),
(2, 'Олег', 'Лукьянов', 'user2', '2.png', '$2y$10$aSjNCsKBYnrPlKU0yQQph.OdAJCTksOsG3aapgdqj7IMXUf4b.0Gy'),
(3, 'Микола', 'Тихий', 'user3', '3.jpg', '$2y$10$Tk3ay1qzJ8JFSyT8zS5qN.oEanWQqkJaeAVGmIxyrMxSGhJDxjedy'),
(4, 'Никитка', 'Омельченко', 'user4', '4.jpg', '$2y$10$vnHh3UC693j/bi6w3UA3JueGID2D/eCRq2aUzN8GGHySeX1zc6bBu'),
(5, 'Арина', 'Парьева', 'user5', 'none.jpg', '$2y$10$rhit.N2DP53ZMXNjNTW7P.pdMu4C/J/11Y/fcb44PugEVM3rLs046'),
(6, 'Стасик', 'Евсеньевич', 'user6', '6.jpg', '$2y$10$vZ0NpHYpc31Y2k9KciT3yeez9w2HbbL2JiPZ2HTeayIqYXTrA7ACG'),
(7, 'Александр', 'Рыженьких', 'user7', 'none.jpg', '$2y$10$0/Chay48WAZpfoWlRUIZeuwExdau8fOk4/fXkUU/Xr0hd7iGYwodS');

-- --------------------------------------------------------

--
-- Структура таблицы `users_subscribers`
--

CREATE TABLE `users_subscribers` (
  `id` int NOT NULL,
  `user_id` int NOT NULL,
  `subscriber_id` int NOT NULL
) ENGINE=InnoDB DEFAULT CHARSET=utf8mb3 COLLATE=utf8mb3_persian_ci;

--
-- Дамп данных таблицы `users_subscribers`
--

INSERT INTO `users_subscribers` (`id`, `user_id`, `subscriber_id`) VALUES
(20, 2, 3),
(21, 4, 3),
(22, 5, 3),
(23, 6, 3);

--
-- Индексы сохранённых таблиц
--

--
-- Индексы таблицы `comments`
--
ALTER TABLE `comments`
  ADD PRIMARY KEY (`id`),
  ADD KEY `post_id` (`post_id`),
  ADD KEY `comments_ibfk_3` (`parent_id`),
  ADD KEY `user_id` (`user_id`) USING BTREE;

--
-- Индексы таблицы `likes`
--
ALTER TABLE `likes`
  ADD PRIMARY KEY (`id`),
  ADD KEY `post_id` (`post_id`),
  ADD KEY `user_id` (`user_id`);

--
-- Индексы таблицы `posts`
--
ALTER TABLE `posts`
  ADD PRIMARY KEY (`id`),
  ADD KEY `user_id` (`user_id`) USING BTREE;
ALTER TABLE `posts` ADD FULLTEXT KEY `title_content_fulltext` (`title`,`content`);

--
-- Индексы таблицы `posts_favorites`
--
ALTER TABLE `posts_favorites`
  ADD PRIMARY KEY (`id`),
  ADD KEY `post_id` (`post_id`),
  ADD KEY `user_id` (`user_id`);

--
-- Индексы таблицы `posts_tags`
--
ALTER TABLE `posts_tags`
  ADD PRIMARY KEY (`id`),
  ADD KEY `post_id` (`post_id`),
  ADD KEY `tag_id` (`tag_id`);

--
-- Индексы таблицы `tags`
--
ALTER TABLE `tags`
  ADD PRIMARY KEY (`id`);

--
-- Индексы таблицы `users`
--
ALTER TABLE `users`
  ADD PRIMARY KEY (`id`),
  ADD UNIQUE KEY `username` (`username`);
ALTER TABLE `users` ADD FULLTEXT KEY `users_fulltext` (`name`,`surname`,`username`);

--
-- Индексы таблицы `users_subscribers`
--
ALTER TABLE `users_subscribers`
  ADD PRIMARY KEY (`id`),
  ADD KEY `user_id` (`user_id`),
  ADD KEY `user_subscriber_id` (`subscriber_id`) USING BTREE;

--
-- AUTO_INCREMENT для сохранённых таблиц
--

--
-- AUTO_INCREMENT для таблицы `comments`
--
ALTER TABLE `comments`
  MODIFY `id` int NOT NULL AUTO_INCREMENT, AUTO_INCREMENT=16;

--
-- AUTO_INCREMENT для таблицы `likes`
--
ALTER TABLE `likes`
  MODIFY `id` int NOT NULL AUTO_INCREMENT, AUTO_INCREMENT=53;

--
-- AUTO_INCREMENT для таблицы `posts`
--
ALTER TABLE `posts`
  MODIFY `id` int NOT NULL AUTO_INCREMENT, AUTO_INCREMENT=21;

--
-- AUTO_INCREMENT для таблицы `posts_favorites`
--
ALTER TABLE `posts_favorites`
  MODIFY `id` int NOT NULL AUTO_INCREMENT, AUTO_INCREMENT=4;

--
-- AUTO_INCREMENT для таблицы `posts_tags`
--
ALTER TABLE `posts_tags`
  MODIFY `id` int NOT NULL AUTO_INCREMENT, AUTO_INCREMENT=61;

--
-- AUTO_INCREMENT для таблицы `tags`
--
ALTER TABLE `tags`
  MODIFY `id` int NOT NULL AUTO_INCREMENT, AUTO_INCREMENT=56;

--
-- AUTO_INCREMENT для таблицы `users`
--
ALTER TABLE `users`
  MODIFY `id` int NOT NULL AUTO_INCREMENT, AUTO_INCREMENT=8;

--
-- AUTO_INCREMENT для таблицы `users_subscribers`
--
ALTER TABLE `users_subscribers`
  MODIFY `id` int NOT NULL AUTO_INCREMENT, AUTO_INCREMENT=24;

--
-- Ограничения внешнего ключа сохраненных таблиц
--

--
-- Ограничения внешнего ключа таблицы `comments`
--
ALTER TABLE `comments`
  ADD CONSTRAINT `comments_ibfk_1` FOREIGN KEY (`user_id`) REFERENCES `users` (`id`) ON DELETE CASCADE ON UPDATE CASCADE,
  ADD CONSTRAINT `comments_ibfk_2` FOREIGN KEY (`post_id`) REFERENCES `posts` (`id`) ON DELETE CASCADE ON UPDATE CASCADE,
  ADD CONSTRAINT `comments_ibfk_3` FOREIGN KEY (`parent_id`) REFERENCES `comments` (`id`) ON DELETE CASCADE ON UPDATE CASCADE;

--
-- Ограничения внешнего ключа таблицы `likes`
--
ALTER TABLE `likes`
  ADD CONSTRAINT `likes_ibfk_1` FOREIGN KEY (`post_id`) REFERENCES `posts` (`id`) ON DELETE CASCADE ON UPDATE CASCADE,
  ADD CONSTRAINT `likes_ibfk_2` FOREIGN KEY (`user_id`) REFERENCES `users` (`id`) ON DELETE CASCADE ON UPDATE CASCADE;

--
-- Ограничения внешнего ключа таблицы `posts`
--
ALTER TABLE `posts`
  ADD CONSTRAINT `posts_ibfk_2` FOREIGN KEY (`user_id`) REFERENCES `users` (`id`) ON DELETE CASCADE ON UPDATE CASCADE;

--
-- Ограничения внешнего ключа таблицы `posts_favorites`
--
ALTER TABLE `posts_favorites`
  ADD CONSTRAINT `posts_favorites_ibfk_1` FOREIGN KEY (`post_id`) REFERENCES `posts` (`id`) ON DELETE CASCADE ON UPDATE CASCADE,
  ADD CONSTRAINT `posts_favorites_ibfk_2` FOREIGN KEY (`user_id`) REFERENCES `users` (`id`) ON DELETE CASCADE ON UPDATE CASCADE;

--
-- Ограничения внешнего ключа таблицы `posts_tags`
--
ALTER TABLE `posts_tags`
  ADD CONSTRAINT `posts_tags_ibfk_1` FOREIGN KEY (`post_id`) REFERENCES `posts` (`id`) ON DELETE CASCADE ON UPDATE CASCADE,
  ADD CONSTRAINT `posts_tags_ibfk_2` FOREIGN KEY (`tag_id`) REFERENCES `tags` (`id`) ON DELETE CASCADE ON UPDATE CASCADE;

--
-- Ограничения внешнего ключа таблицы `users_subscribers`
--
ALTER TABLE `users_subscribers`
  ADD CONSTRAINT `users_subscribers_ibfk_1` FOREIGN KEY (`user_id`) REFERENCES `users` (`id`) ON DELETE CASCADE ON UPDATE CASCADE,
  ADD CONSTRAINT `users_subscribers_ibfk_2` FOREIGN KEY (`subscriber_id`) REFERENCES `users` (`id`) ON DELETE CASCADE ON UPDATE CASCADE;
COMMIT;

/*!40101 SET CHARACTER_SET_CLIENT=@OLD_CHARACTER_SET_CLIENT */;
/*!40101 SET CHARACTER_SET_RESULTS=@OLD_CHARACTER_SET_RESULTS */;
/*!40101 SET COLLATION_CONNECTION=@OLD_COLLATION_CONNECTION */;
